ID,Low shear visc.,High shear visc.,Toughness,Stress at break,Strain at break,St.Dev. Low shear visc.,St.Dev. High shear visc.,St.Dev. Toughness,St.Dev. Stress at break,St.Dev. Strain at break
1,4.148646068572998,3.9800240993499756,3.4417871952056887,2.98356146812439,1.132490599155426,0.3175393617242407,0.3213590865230002,0.3458001596987999,0.02263166833839972,0.1781226198973092
2,6.99513807296753,5.962756538391114,5.815435409545898,3.249647521972656,2.64438943862915,0.2213788636922664,0.05560340981026089,0.15379388047109369,0.029206518756713443,0.1499847676777254
3,6.536762237548828,5.7897765159606935,5.43315372467041,3.2705896854400636,2.3591888904571534,0.4239295565606113,0.07565456786054138,0.12190173159892513,0.010009188236734485,0.10653266441813121
4,8.905852508544921,8.09416971206665,10.842422676086425,3.4083019733428954,7.617254066467285,0.1086795604646087,0.05572413182446578,0.16079980661840862,0.04262288867157038,0.13307317620374204
5,9.853009223937988,8.435857772827148,10.673218536376954,3.707480478286743,7.360705947875976,0.06532874563563067,0.051535929228467586,0.08093235320367166,0.01383089312399532,0.06162804924325669
6,11.463090896606445,8.749278450012207,10.232612609863281,3.858080577850342,6.808935260772705,0.025044653989555486,0.03770137784721125,0.036055356510242435,0.005152592333488491,0.03928866518614824
7,12.163111877441406,8.878556442260741,10.10730209350586,3.950366497039795,6.577805233001709,0.04262242412622404,0.02045461740459989,0.023967251981327285,0.011078464389693305,0.030559751679882684
8,12.796849822998047,8.917328262329102,10.145443344116211,4.124410343170166,6.470698451995849,0.02491862021813251,0.026345468277547832,0.013223535200776551,0.012125180056401508,0.02576052438594025
9,7.4380277633667,6.603744316101074,7.688376235961914,2.7807902812957765,4.7982611656188965,0.2490188714135367,0.12393584097934271,0.30359960697180743,0.07865975274756223,0.2873893697208194
10,7.945204257965088,6.794067764282227,8.7531888961792,2.6723751068115233,6.00468111038208,0.14599009394265725,0.04385295702370282,0.18047278581282727,0.03011229831326908,0.254363725799692
11,8.563000297546386,6.851850891113282,9.443303298950195,2.7853830814361573,6.659072685241699,0.14821781934637265,0.028878605846738542,0.13368308486124325,0.03873933985027621,0.11828464469021872
12,8.795992469787597,6.914383602142334,9.69382381439209,2.901183748245239,6.875527286529541,0.21892525329385745,0.018296366758021477,0.05389685940700571,0.0647696401196332,0.059563286431972805
13,8.479745292663575,7.780384063720703,10.820385932922363,3.1806214809417725,7.726490688323975,0.19918045849724914,0.04067249038099464,0.19399180631067428,0.09940656133526818,0.19893724008967759
14,9.147423553466798,8.13924617767334,10.759733581542969,3.4837865352630617,7.521434497833252,0.040452450376724264,0.04306792227286267,0.10537457388738289,0.016544278399432143,0.07986537039775743
15,9.784898948669433,8.344238090515137,10.635272216796874,3.6725557327270506,7.350756359100342,0.04396622736833514,0.030883819626945707,0.046203494356838855,0.013188209073861824,0.032253788434834396
16,9.291909980773926,8.204321098327636,10.743881034851075,3.5337416172027587,7.489744853973389,0.06749334574210959,0.03337518129214302,0.09739940174972817,0.023154497245836025,0.07702795239060381
17,9.434950256347657,8.145149421691894,10.650140953063964,3.545658826828003,7.414989852905274,0.09396879382454458,0.03814356950552556,0.05937187114488512,0.03214419625204978,0.059778831683889304
18,9.728930473327637,8.39063720703125,10.689589691162109,3.674045372009277,7.389741039276123,0.05271997181961302,0.04787662730797211,0.07878647297330722,0.013947151025494271,0.059274723953051014
19,10.385223770141602,8.542238235473633,10.549833297729492,3.80544228553772,7.197634315490722,0.048753430017179716,0.05798609915203418,0.0608590386479894,0.022234364019127702,0.04712235218811033
20,10.70594482421875,8.576015090942382,10.451874542236329,3.834206056594849,7.082881736755371,0.06310348485318097,0.051266372342800716,0.05918369982744463,0.01771854961820028,0.05206518263153759
21,11.088497543334961,8.396717262268066,10.172157859802246,3.7891701221466065,6.840936374664307,0.10529784299424559,0.080899005337064,0.07488292533069914,0.02240011032898999,0.05730164494834042
22,10.94887580871582,8.631495666503906,10.389799308776855,3.8492947578430177,7.002035427093506,0.02311200026299349,0.05553231818057559,0.042975040240038564,0.016060902159345854,0.0342709968013474
23,11.244598007202148,8.6990966796875,10.301597404479981,3.856125831604004,6.894396877288818,0.03633929367627399,0.04490541607370699,0.04660975923556891,0.00937435776390521,0.04648962447678763
24,11.679611587524414,8.79601230621338,10.172676467895508,3.86729154586792,6.726060009002685,0.034134794685497016,0.028052892081780006,0.031010831843417592,0.004374653953682159,0.037347890992463974
25,11.59246654510498,8.574936676025391,10.08091468811035,3.8327689170837402,6.674282646179199,0.07406050202415901,0.06307161126711944,0.04529094996017263,0.013563282635704579,0.03340122978517886
26,11.502563667297363,8.722237968444825,10.19868278503418,3.8517159938812258,6.777531337738037,0.01957034982811676,0.027712182937139073,0.02125952955993182,0.006458498502065377,0.018686307423497528
27,11.505756187438966,8.746151351928711,10.21200008392334,3.856385278701782,6.786576271057129,0.023351706914755393,0.031038555538370968,0.030606088395582775,0.005189192798186874,0.03366435995007814
28,11.923914337158203,8.847864532470703,10.126887702941895,3.8970471382141114,6.643925189971924,0.036982278669251654,0.02102377233419737,0.028565795863821564,0.007493156862673668,0.03356787586017133
29,6.739014434814453,6.040689945220947,6.069693660736084,3.1999985218048095,2.8983570098876954,0.3323886537663447,0.0924340298490029,0.24096552756549597,0.04089216219492599,0.21913809861245181
30,7.126530647277832,6.280165386199951,6.672711563110352,3.0473928928375242,3.5611441135406494,0.08448100456725804,0.05402618609159925,0.12305137443297268,0.012035321370637677,0.09773589251830204
31,7.424443244934082,6.48391284942627,7.240643882751465,2.880686092376709,4.242521190643311,0.0363686065058451,0.035403254750479785,0.11711519954804489,0.0341024370005327,0.1631230936139748
32,9.407861518859864,8.227199363708497,10.708074760437011,3.566808557510376,7.450718116760254,0.03468280627825162,0.0332147954471087,0.07562238738149915,0.012863402484006031,0.05724341111371525
33,9.720709419250488,8.377497291564941,10.684420204162597,3.6682262897491453,7.388059139251709,0.09359313119617098,0.042707077544592575,0.08088774813397014,0.017917378751879164,0.06266254223175906
34,10.142845344543456,8.480926895141602,10.596777725219727,3.7626606464385985,7.268092346191406,0.04311325388840676,0.0473479705843148,0.05698712264312807,0.019137927385049807,0.044220869458814434
35,11.606943702697754,8.73597526550293,10.164767837524414,3.8553726196289064,6.733543968200683,0.044296146878701245,0.018488607735610976,0.02173826764964032,0.007798442471889022,0.030935233652239862
36,11.405795288085937,8.735626983642579,10.249564170837402,3.8567810535430906,6.830946159362793,0.01844267207163578,0.04260362738159222,0.03181912756100096,0.005711330209771464,0.03265381913959253
37,12.007170677185059,8.80416431427002,10.092152786254882,3.9112226486206056,6.597429275512695,0.034151982703159806,0.0132853755318689,0.014245990378292198,0.01270487181380603,0.02162023592874309
38,12.03209056854248,8.863278579711913,10.113323783874511,3.9184380054473875,6.611140632629395,0.03195271915997114,0.020652188984096948,0.02687897340130931,0.009001548090094385,0.026603224990516892
39,11.985836601257324,8.858105278015136,10.119039726257324,3.908805990219116,6.625148868560791,0.03681454430875506,0.02017474354546822,0.028041425754314783,0.008661946596532952,0.03209634201161388
40,12.088013458251954,8.870383644104004,10.110361289978027,3.9317566394805907,6.596259307861328,0.04569556856243515,0.018852235397700052,0.025865028475291096,0.01085172522831807,0.03316576648938324
41,9.169301795959473,7.5177827835083,10.318187141418457,3.2861514568328856,7.269180583953857,0.15132211960769687,0.147386805489639,0.1147640658641637,0.0717169177226376,0.08400753639804434
42,9.744256973266602,8.310088348388671,10.63075656890869,3.6546184062957763,7.354769706726074,0.08409021195210521,0.01820933284499159,0.04741084973364655,0.014086272829891892,0.03992538528415411
43,10.321426391601562,8.48674373626709,10.537155151367188,3.784882402420044,7.201360034942627,0.05853584300645726,0.035962409524214034,0.04918071983832811,0.015562746327807677,0.04201615929288553
44,11.238591575622559,8.661941528320312,10.28026008605957,3.8476562976837156,6.8806792259216305,0.03437919616170123,0.0308641149299535,0.026705832502175057,0.005483910143649102,0.03020165853163094
45,11.344097900390626,8.642830276489258,10.218827819824218,3.838904523849487,6.820589447021485,0.03253823464177396,0.019057765161755665,0.017899780906575517,0.007983465908260127,0.019400081615497188
46,10.636591911315918,8.40312328338623,10.365252685546874,3.7869885921478272,7.042762565612793,0.06497722489768776,0.03284347887783919,0.026939129803822154,0.00928071923859069,0.02919267178703013
47,7.830090427398682,6.764369297027588,8.557732200622558,2.680625152587891,5.790190982818603,0.20008627821833067,0.04994592907493284,0.1377769208479442,0.03741576946624016,0.15394359591555293
48,8.267897033691407,6.858422565460205,9.317158699035645,2.7200894355773926,6.572235584259033,0.11030149395024849,0.04706046831864251,0.126372024335008,0.0245929801081674,0.14534669503800046
49,7.905225563049316,6.744605636596679,8.437150001525879,2.6822778224945067,5.651862335205078,0.11336275097405955,0.03343155712035667,0.13458414913805203,0.024135692630356184,0.16867411732828402
50,8.264814376831055,6.846304321289063,9.248104476928711,2.710059118270874,6.500820732116699,0.0869182481081869,0.04551100796521151,0.1536794156980995,0.021853963419762694,0.17195054447104632
51,8.411462020874023,6.872584629058838,9.451877403259278,2.756874847412109,6.692130088806152,0.08816929744309526,0.03616470166263135,0.06959313694751806,0.03527102425868943,0.06559831155053264
52,8.874418830871582,7.12615213394165,10.055269622802735,3.03745379447937,7.158630657196045,0.1358127708408267,0.057559094544227765,0.08040833850299925,0.05666933856215754,0.08874201209582315
53,12.114961624145508,8.841786193847657,10.095910263061523,3.9374645233154295,6.578127384185791,0.027727129043292477,0.007529243795369218,0.01956888548050571,0.011048073210680286,0.022348485908901646
54,11.910259437561034,8.808673858642578,10.111297416687012,3.8923973560333254,6.633402156829834,0.03827093039501897,0.012073167431251326,0.017845327228471652,0.009210590354944715,0.024989491106560468
55,12.265241050720215,8.858614349365235,10.096773910522462,3.9773708820343017,6.545972156524658,0.04274005892233343,0.009562070110018625,0.016717851961840863,0.012632264739877734,0.02608281226087113
56,11.844525337219238,8.820392417907716,10.13315258026123,3.8838640689849853,6.664030647277832,0.022678686489539277,0.02138179364681254,0.021961007793973822,0.004896975312770172,0.023512200494779676
57,11.998601722717286,8.860054969787598,10.117413902282715,3.911334419250488,6.621374225616455,0.03246813372927683,0.021183933763267077,0.02761324648938446,0.008428262116241482,0.028841175128809356
58,11.751457977294923,8.810566711425782,10.155849075317382,3.8733977317810058,6.699759292602539,0.03060067760729956,0.02524906755757797,0.027944028544720362,0.004461456752715966,0.03381649761457394
59,10.257892990112305,8.494577789306641,10.565997886657716,3.7800243854522706,7.230008792877197,0.05797444364328124,0.042577643444550464,0.05798888766004847,0.01621248350604996,0.050011773252638406
60,10.024753379821778,8.472693252563477,10.632479667663574,3.744328737258911,7.309499931335449,0.05282420935513493,0.056283208478313654,0.06294008949442588,0.02410475821405117,0.04560516487777593
61,9.587002563476563,8.275936126708984,10.668304443359375,3.6166747570037843,7.400545120239258,0.045693740976794524,0.027479182377258014,0.057559540344599334,0.010522098950606334,0.04456013827790659
62,8.362128639221192,6.987756538391113,9.82598056793213,2.8150330066680906,7.053661632537842,0.16327689956385244,0.060300245174084575,0.14012648471907657,0.06494851932877878,0.1414262443658152
63,8.171259784698487,6.833942508697509,9.159227752685547,2.6991386890411375,6.424838352203369,0.17997800388206128,0.055324748185774715,0.07301801367531573,0.028858408558076483,0.12369843903673282
64,8.615210914611817,7.019729518890381,9.923160934448243,2.8919692516326903,7.096005821228028,0.06281407342529526,0.04395809079113258,0.07914236323541755,0.0582272867811943,0.07457620509289624
65,8.422765159606934,6.939393329620361,9.684578895568848,2.794819164276123,6.913585376739502,0.11778431925939574,0.06843602320237578,0.11264673491962905,0.04098488423044333,0.12624945948654367
66,9.103280639648437,8.111226844787598,10.763147735595703,3.4629114627838136,7.532352352142334,0.0852910064513125,0.025726173380390068,0.10867159525019691,0.0335300081996388,0.08863109398202268
67,9.20969524383545,8.136347770690918,10.732223892211914,3.495682430267334,7.495972156524658,0.0786950242132967,0.034719308286857764,0.091578560565285,0.030693821259556966,0.07051627242380187
68,9.710205841064454,8.264921569824219,10.610058784484863,3.6385173320770265,7.348563480377197,0.04327588733237776,0.03183457718118496,0.03580518566708486,0.009596561586356378,0.023234362490476196
69,9.702174949645997,8.369242286682129,10.68533535003662,3.6630826950073243,7.391619396209717,0.07376131873338017,0.04089217518411906,0.07540019894261461,0.015641159401381402,0.05723766099933198
70,9.78717498779297,8.36216697692871,10.650234985351563,3.6761924743652346,7.358680534362793,0.07432834440351609,0.02142951539242632,0.06196416647770285,0.006640923454444098,0.051380906304388456
71,10.114873886108398,8.459135055541992,10.593144607543945,3.7528632640838624,7.271160507202149,0.07079817238113816,0.03504811721104116,0.056788491331977366,0.01382908591390771,0.04652668700488913
72,10.978552627563477,8.606327056884766,10.361588668823241,3.8431253910064695,6.978822040557861,0.050489115660574874,0.03829090997660948,0.03873243086938674,0.011210371613537636,0.035533608647532015
73,11.315443992614746,8.677354431152343,10.254580688476562,3.848133420944214,6.84991044998169,0.03556639718422566,0.026422790845729377,0.027099845781562406,0.004563282974825123,0.032132441491873345
74,11.069685935974121,8.635205841064453,10.3406587600708,3.848173952102661,6.949417591094971,0.050245413229594554,0.03928823092520568,0.04237837197112614,0.010035022605753686,0.04227769746914455
75,11.108201217651366,8.675475120544434,10.348734855651855,3.855954170227051,6.948242664337158,0.030218852108489753,0.05415737068858668,0.04448085234038814,0.012915176411251169,0.03969785758708518
76,11.207050895690918,8.614728546142578,10.263997840881348,3.8374624252319336,6.876069450378418,0.040520273136350676,0.021440634152311233,0.02277077285214025,0.0063661056622532405,0.02448077550392931
77,11.474587440490723,8.67573528289795,10.18167495727539,3.8432648181915283,6.770326805114746,0.03945825165577925,0.02083426208241217,0.009280113325216293,0.008812950425130292,0.013206899492135098
78,11.629745864868164,8.752243614196777,10.16530933380127,3.858745813369751,6.729555892944336,0.029892925081117436,0.02111499436141958,0.016516788568686585,0.006879627520519928,0.024949129658361588
79,11.581831741333009,8.771875381469727,10.195222091674804,3.860682964324951,6.761119365692139,0.023807681936904048,0.034352190419362466,0.028248452923537677,0.004720087986217281,0.030795616405306855
80,9.664136123657226,8.14588565826416,10.55289363861084,3.594597578048706,7.32371711730957,0.06251911940803682,0.062116858250312226,0.017742552513974393,0.01608226247255676,0.02427033843698341
81,9.851210784912109,8.143496131896972,10.479450035095216,3.627274417877197,7.251835060119629,0.06453333817742037,0.09052958095609408,0.04450256214711723,0.018962791318309188,0.023701089688798426
82,10.3717041015625,8.25666675567627,10.363910675048828,3.727650213241577,7.0893874168396,0.09164560953893719,0.08248070138998438,0.06710557709054285,0.014932316866775514,0.04713910767763386
83,10.448212814331054,8.315541458129882,10.377388763427735,3.751182746887207,7.083953094482422,0.07863071276757017,0.06297369627549333,0.04285625600288809,0.013486150938583259,0.03255617865962583
84,10.598771858215333,8.532379722595214,10.463836097717286,3.8177372455596923,7.109666919708252,0.032680911924086814,0.04243055695465092,0.035434854871463264,0.0187727007590429,0.023091654812658936
85,8.572230911254882,7.694043922424316,10.714492034912109,3.1747501850128175,7.639992618560791,0.14008198581415068,0.029381949744982653,0.14521258332771617,0.08667287674333686,0.14601612910933212
86,10.079135322570801,8.036779880523682,10.319363021850586,3.630694532394409,7.116596508026123,0.14912501349919147,0.15547465388615014,0.12044504353533154,0.03497146234818242,0.08271284789185715
87,10.461401176452636,8.172881126403809,10.272753524780274,3.7130743503570556,7.018110466003418,0.12849594147758447,0.13309617726936296,0.10530174620728669,0.03111040991023252,0.07634375140881257
88,10.123070526123048,8.441277503967285,10.576465797424316,3.749570894241333,7.260449695587158,0.029935214551162586,0.037021302099349604,0.037272752216933464,0.02005994863345705,0.024349849238927267
89,10.079582405090331,7.949825954437256,10.260237121582032,3.606178331375122,7.0812255859375,0.12526923091988557,0.20572541690672738,0.15163638657342338,0.04866759078216132,0.10081172291531944
90,11.054068756103515,8.286905860900879,10.111757469177245,3.764207363128662,6.808186149597168,0.10461100581982173,0.12977438827944532,0.10830284902670935,0.035324205730271965,0.07658289740367959
91,10.416475868225097,8.466221237182618,10.487433815002442,3.7878302574157714,7.154538631439209,0.042647636334807996,0.03112569413852741,0.0320334406286172,0.01646237870677437,0.02233768666270322
92,10.817218399047851,8.56972427368164,10.403812026977539,3.8336772441864015,7.034593391418457,0.025501112745675143,0.04543427541908431,0.02658703735735007,0.01609855741743633,0.016222374438004512
93,11.60689640045166,8.746277236938477,10.171670722961426,3.8573275089263914,6.738176441192627,0.02565858812584862,0.020593601529551902,0.020553845465572772,0.005460203230587243,0.023755496204448973
94,11.335309028625488,8.227974700927735,9.971025085449218,3.7675631523132322,6.657488536834717,0.16954847954338642,0.15916919633158405,0.1648511193930143,0.027163037953441747,0.1350199699256021
95,11.150575828552245,8.57963981628418,10.265329170227051,3.8300657272338867,6.886950397491455,0.04943917484585038,0.02391953389496127,0.037462251124337785,0.010382918030512497,0.031451779570915245
96,10.522173309326172,7.926564788818359,10.063223838806152,3.645842170715332,6.8751262664794925,0.3081730131514437,0.21759351949949463,0.23619436061667295,0.03697022724465702,0.1887937800780027
97,11.088014221191406,8.488702201843262,10.231963157653809,3.809827470779419,6.87706995010376,0.06565768872605127,0.04628740339651406,0.06365675079173376,0.01726831276796824,0.05229177986920736
98,5.749909114837647,5.037140941619873,4.3862449645996096,3.155887508392334,1.7207137823104859,0.3634797230688139,0.20026350538794702,0.23520631451443388,0.023933982745190707,0.14989139167796975
99,7.410960292816162,6.010844993591308,5.729928684234619,3.2754870891571044,2.5678070068359373,0.1890406612829509,0.04564046469473532,0.12036707505382091,0.019689695927720217,0.10847899681658041
100,7.003437900543213,5.773500156402588,5.22852725982666,3.2575422286987306,2.2439653873443604,0.2903893572529356,0.18785740341874577,0.17959792980660194,0.014726212867862751,0.139220545313413
101,8.684572887420654,6.44611930847168,6.983298873901367,3.072925090789795,3.8599655628204346,0.5679274649064064,0.12728895829266962,0.26121834584912296,0.053321560992504125,0.34143279092892653
102,9.539848709106446,6.666185760498047,8.1489839553833,2.9957563400268556,5.170260238647461,0.5568726579862077,0.1358191941941908,0.3804465537887704,0.12232988410965602,0.46626132296375983
103,4.932386016845703,4.506828117370605,3.903617572784424,3.0704508304595945,1.420890212059021,0.32423688474998336,0.22132644587571662,0.2896347554308679,0.020276986890685134,0.16300350609204162
104,8.690930080413818,6.433688640594482,6.571143722534179,3.2628854751586913,3.315443515777588,0.43971032334530785,0.09040928081920835,0.17950878793676367,0.00935826724298453,0.18554348981822888
105,7.0613306045532225,6.082934093475342,6.162985038757324,3.1844862937927245,2.985134220123291,0.11208348932741077,0.08401933039078019,0.20796188612086952,0.030546073126791442,0.18177220990902318
106,8.206889629364014,6.776536369323731,8.87976894378662,2.69577956199646,6.130155086517334,0.14456101675205502,0.06631135815390789,0.23775257647057954,0.019704116558128534,0.23517352575762812
107,8.249652290344239,6.845264911651611,9.254677391052246,2.7142455101013185,6.514833736419678,0.12766784977832768,0.06408152770002667,0.2195045646440561,0.0230084091784297,0.25709235845186124
108,9.950416374206544,7.451279354095459,9.928310203552247,3.432615041732788,6.883734226226807,0.4998948746436168,0.19703597561592878,0.28402856036925234,0.05666734017835354,0.25144947286790176
109,9.177863311767577,6.968965339660644,9.741153144836426,3.048058271408081,6.8604028701782225,0.22195767725519627,0.04600249050163046,0.11798035723771311,0.04487352402869304,0.1451636247561626
110,6.776148891448974,5.733199119567871,5.227666282653809,3.2634536743164064,2.2211812496185304,0.3275556776877025,0.12929749035916457,0.14925915702709583,0.01378711745954701,0.1090316931103499
111,9.524556732177734,7.134840297698974,9.821250915527344,3.228499937057495,6.8706762313842775,0.3598048954420044,0.13040524421221422,0.22663246611584348,0.056748719237557796,0.23120456366018127
112,12.362471961975098,8.756995391845702,10.062324142456054,4.003758382797241,6.493533134460449,0.0740527088722173,0.04488952706166058,0.012966193639325226,0.03189589580534528,0.017690383037570416
113,12.502865409851074,8.883743286132812,10.10941219329834,4.0428361892700195,6.506562042236328,0.01772551081280703,0.015775840294026438,0.010850355744870595,0.010886145970516972,0.021875720586500585
114,12.509191703796386,8.889703941345214,10.111683082580566,4.044547176361084,6.507134914398193,0.01596126788310624,0.01814021671636897,0.01074972241335109,0.010400274780943778,0.02351930896192122
115,12.796102714538574,8.917270469665528,10.145371627807616,4.124201488494873,6.470785331726074,0.026533078234821848,0.026364349851634137,0.013327622304769004,0.012550384398977236,0.025962340064524456
116,12.913759422302245,8.925238990783692,10.162373161315918,4.155483150482178,6.459701442718506,0.01947577822098241,0.03387410882439596,0.024193517255957954,0.011660086061544317,0.024422963571301026
117,11.491292190551757,8.140095520019532,9.888322448730468,3.781264591217041,6.549586486816406,0.2683435457582728,0.19078517526953326,0.20669910064504243,0.03725784593104176,0.19050065404960764
118,12.586677169799804,8.850676155090332,10.103938484191895,4.067011165618896,6.482288265228272,0.05711535274172414,0.017730227661141088,0.009599612349623,0.019315555139468442,0.01355030335843635
119,6.175568389892578,5.290437412261963,4.635732173919678,3.190638208389282,1.879148507118225,0.39648971565278707,0.2451007889629867,0.24154313105731187,0.027570423720997748,0.16031145830161653
120,7.7439862251281735,6.394193172454834,6.938255691528321,2.9526779651641846,3.8730303764343263,0.21050201023158802,0.11877170749914343,0.23783583274888082,0.044585928754912234,0.2692486188874134
121,12.854927444458008,8.921871757507324,10.153705024719239,4.139972686767578,6.465044021606445,0.022036175785914554,0.02968029205582368,0.018440996511091063,0.012532946197932708,0.025417891629167706
122,12.093376350402831,8.566895675659179,10.000988006591797,3.932663154602051,6.4963454246521,0.13836373610972105,0.1067772069971699,0.053668510280577134,0.03617346487027368,0.06208009266383882
123,12.790876197814942,8.897233963012695,10.13676815032959,4.122791385650634,6.46587438583374,0.025759554340710172,0.023537061563027022,0.011124485044589084,0.007793144924922911,0.0195947479396578
124,8.414601898193359,6.33900671005249,6.567017841339111,3.182714080810547,3.3600290298461912,0.42496922797013786,0.08367235172219792,0.12846638869177318,0.021461235042833367,0.16442975501367788
125,8.699445819854736,6.439242839813232,6.760658645629883,3.1888254642486573,3.543825149536133,0.5028222303936516,0.08556588240658226,0.18707449288759842,0.01949334875708242,0.21933692784646266
126,8.709241676330567,6.683730983734131,8.475453567504882,2.724731206893921,5.646586227416992,0.23912874561755265,0.06728836344088915,0.21505439846136928,0.05268228999936521,0.24044890152998497
127,8.478160667419434,6.6796496391296385,8.259421157836915,2.7004980087280273,5.428563785552979,0.16299869581559107,0.07177584703857684,0.21374664204435218,0.0411718262160355,0.2244945209108827
128,11.13408203125,7.892007827758789,9.81729679107666,3.689012050628662,6.5795143127441404,0.3308724394559834,0.25915709774820256,0.30276530869251755,0.044598020082115296,0.2629078860407935
129,12.17744255065918,8.657463836669923,10.02820701599121,3.953868055343628,6.50374402999878,0.11302702216476838,0.07689663617640335,0.02876069782931919,0.037536447671878775,0.04233964006293112
130,11.140705108642578,8.148035049438477,9.983211326599122,3.7369768142700197,6.706978511810303,0.1892275770285278,0.207650128144608,0.15292235381663696,0.05407478478614986,0.10894882012820228
131,10.878376770019532,8.537560844421387,10.357808876037598,3.8263973236083983,6.994258022308349,0.02518443102325025,0.02274198481214827,0.02193245443919361,0.00906601004339493,0.025954906941957234
132,10.657539558410644,8.55678653717041,10.457865333557129,3.827563667297363,7.095085144042969,0.060754409923426005,0.04699869127930562,0.05456186640215515,0.017151124714388268,0.047811808877931385
133,8.310842704772949,6.721989536285401,8.520438766479492,2.6819931983947756,5.732624340057373,0.07144278754551839,0.05552761670833337,0.12011561607232091,0.029292388611230645,0.11863218742776646
134,10.729890060424804,7.887035942077636,9.955048561096191,3.651873731613159,6.770373821258545,0.2776414219879642,0.25775475827739136,0.2692716730702971,0.05148003822349411,0.20493968928136633
135,12.322197341918946,8.869405937194824,10.099870300292968,3.992839813232422,6.5370643615722654,0.034060282028276254,0.01151252964079694,0.015990073274136454,0.016738353959168097,0.02505254345800183
147,6.754395580291748,5.993444442749023,5.956513118743897,3.2213476657867433,2.791411256790161,0.27788709687958635,0.0631122836990513,0.15103083400979259,0.025029621115245166,0.15441937834748526
141a,6.857568740844727,6.056352615356445,6.121761798858643,3.1817352294921877,2.9579023361206054,0.2187595849910485,0.0795547572229126,0.1459167673636578,0.036754876375889964,0.12679213566365063
142b,12.199946022033691,8.878498840332032,10.105596542358398,3.959947109222412,6.568257808685303,0.053093800188579274,0.019248261803733926,0.02258129301842132,0.0124568126553449,0.030628646180040825
143c,12.973332405090332,8.926557731628417,10.171872901916505,4.171180248260498,6.454662418365478,0.023817066868683633,0.03833199432562,0.031259606072864925,0.012628620334354645,0.023490508870414147
144d,5.5349249839782715,4.898149871826172,4.2433408260345455,3.1316110134124755,1.636477541923523,0.46595104679145727,0.2836620658373441,0.33121138928575894,0.03289727366276389,0.20079843153264454
145e,9.368259620666503,8.279500961303711,10.76058120727539,3.5721273899078367,7.486627674102783,0.07042417969310136,0.05263576875991718,0.10938545374833558,0.0180293270746618,0.08123277052288068
146f,12.836690711975098,8.917684555053711,10.150762939453125,4.135323619842529,6.465938663482666,0.028367349292419446,0.028449058248188632,0.017575099892967832,0.011832929340228514,0.02480396293108748
JREx HDPE,9.98098316192627,6.949222183227539,9.23376007080078,3.2194674968719483,6.267394161224365,0.5693934463576841,0.16452883390593892,0.44743025989573,0.06385799119184912,0.49641831787637686
Sigma HDPE MFI 12,7.550799179077148,6.049557399749756,5.733944320678711,3.2799744606018066,2.5789412021636964,0.0815608167095709,0.06576843024707933,0.08238802862122102,0.015478954763512109,0.0696303324270929
SSPHDPE,9.76066188812256,6.883743667602539,9.252124977111816,3.1420452117919924,6.3215210914611815,0.48597033295527675,0.1574385199109905,0.42011032717980107,0.05783936299530615,0.46627661924180525
1A,4.148646068572998,3.9800240993499756,3.4417871952056887,2.98356146812439,1.132490599155426,0.3175393617242407,0.3213590865230002,0.3458001596987999,0.02263166833839972,0.1781226198973092
2A,6.99513807296753,5.962756538391114,5.815435409545898,3.249647521972656,2.64438943862915,0.2213788636922664,0.05560340981026089,0.15379388047109369,0.029206518756713443,0.1499847676777254
8A,12.796849822998047,8.917328262329102,10.145443344116211,4.124410343170166,6.470698451995849,0.02491862021813251,0.026345468277547832,0.013223535200776551,0.012125180056401508,0.02576052438594025
9A,7.217080211639404,6.460838508605957,7.181515026092529,2.8990427017211915,4.184632635116577,0.2303884895134956,0.13744577975017883,0.30851077771421714,0.08427763722536585,0.2943287809093676
10A,7.5267308235168455,6.628907680511475,7.779216957092285,2.76383056640625,4.903123283386231,0.13275049574494155,0.06469276165973208,0.1303204420914343,0.040557556245772154,0.14062892720679612
11A,8.2747163772583,6.826225090026855,9.126838684082031,2.6983306407928467,6.368963146209717,0.07990631732789788,0.03778868682071913,0.1845503055285778,0.01773774101343196,0.2086995460447126
12A,8.065176582336425,6.744417953491211,8.470186233520508,2.6770541667938232,5.6824846267700195,0.08149525031870405,0.023455362461226963,0.2034298035058207,0.02381996455780642,0.24184815508491847
13A,8.408184432983399,7.661000823974609,10.75395908355713,3.1145084857940675,7.716255474090576,0.2132798603011713,0.03590269666762897,0.18170744089054383,0.11222616654307029,0.20112413847597352
14A,9.14909496307373,8.194496154785156,10.799296188354493,3.4984014987945558,7.544752025604248,0.0786265454607484,0.04952897831958759,0.1303146435248716,0.026299454388272064,0.10198394448150006
15A,9.894989967346191,8.382878303527832,10.619860649108887,3.7011123657226563,7.324327373504639,0.03785655255523449,0.032319378124620664,0.04334447467077335,0.01567380048413398,0.03048761479701601
16A,9.961218452453613,8.36738109588623,10.585839653015137,3.7071420192718505,7.293734073638916,0.04172501379421407,0.028673480485230954,0.03436688702719911,0.011258143490611426,0.02344914980109759
17A,8.990717697143555,7.986026573181152,10.738140487670899,3.39239296913147,7.545604419708252,0.13080911096141287,0.03768622433445958,0.11090340256771905,0.06628863019173747,0.10831850510297578
18A,9.638446426391601,8.36711254119873,10.710271263122559,3.65036997795105,7.415646743774414,0.0646943560420616,0.04555359176695916,0.08831775092790334,0.011436627344383998,0.06686257211800153
19A,10.418465042114258,8.550469017028808,10.543278312683105,3.8105116367340086,7.188214111328125,0.04368930948847089,0.06028147590294456,0.06148155708376258,0.02282061766822683,0.04758281736740392
20A,10.518140029907226,8.551082611083984,10.507007026672364,3.818430709838867,7.149463367462158,0.05050141113627298,0.05418738650364544,0.058047587820947065,0.02017358131220463,0.04651117935911565
21A,10.883823013305664,8.367956924438477,10.24222412109375,3.7843815326690673,6.922209358215332,0.10639186717669004,0.07561621048892214,0.05954695199098523,0.0193720102178577,0.0523887028567696
22A,11.09564380645752,8.663511276245117,10.346467208862304,3.8534045219421387,6.949014663696289,0.01684295256072873,0.05155908809763566,0.04035015143752906,0.012537658443158359,0.03548152536390716
23A,11.182363891601563,8.68844108581543,10.323343849182129,3.8562551021575926,6.919338130950928,0.02561160024794642,0.049008288900163725,0.04504940028761323,0.010755634812049355,0.043408323907627146
24A,11.601150131225586,8.779084014892579,10.192302322387695,3.8623302936553956,6.755291175842285,0.027850488411113882,0.032248747961006186,0.03179070898615544,0.004450431333115264,0.03649050146103324
25A,11.249149703979493,8.347869300842286,10.071577262878417,3.77891583442688,6.743893432617187,0.13202620707162355,0.12498864195948922,0.10047726653412611,0.030268867212752102,0.07289406783140252
26A,11.541120529174805,8.738567352294922,10.192322731018066,3.8546588897705076,6.7659807205200195,0.019500330417516056,0.029421954043158772,0.020349317941874882,0.005852559217197707,0.018555515669920603
27A,11.63767204284668,8.778961372375488,10.178267860412598,3.8631226062774657,6.737997150421142,0.021309020026368548,0.028967576528059168,0.026061743570451386,0.00441861458850677,0.029617289272789782
28A,11.942688369750977,8.851532936096191,10.124559020996093,3.9004329204559327,6.638384056091309,0.037132649200224736,0.021278209247898448,0.02853001070696272,0.007889807252290824,0.032738669676664174
29A,6.706220626831055,5.976139545440674,5.90363073348999,3.2312638759613037,2.736383485794067,0.32075242745034144,0.05686808014560523,0.16878557977030054,0.025582866576066114,0.16618699292642497
30A,7.075070476531982,6.240157699584961,6.571200370788574,3.0772923469543456,3.443429374694824,0.12241878028536499,0.0632486423718705,0.15007664105872984,0.019441941942511514,0.13491678801193993
31A,6.958386421203613,6.114276599884033,6.25773286819458,3.1596734046936037,3.095952367782593,0.18309573922956066,0.062068246828982265,0.14561776997325948,0.012600543159074684,0.12552079446074385
32A,9.316702270507813,8.220536994934083,10.742620849609375,3.5445995330810547,7.4847489356994625,0.05253663442016027,0.040047171492274734,0.09563708239302252,0.018628507577864453,0.07298528270168644
33A,9.555739784240723,8.32379150390625,10.717191314697265,3.6213283061981203,7.432931041717529,0.09001304647364831,0.03226267959792472,0.09466929030425629,0.01173922254053106,0.07481386549224953
34A,10.131023406982422,8.491167259216308,10.608165550231934,3.763742685317993,7.276487255096436,0.05451782838004878,0.0520769090848032,0.0656708360765059,0.018932755108921104,0.051537940889032824
35A,11.2801118850708,8.656297492980958,10.257617568969726,3.8450555324554445,6.858315372467041,0.046585709395509704,0.021459749336577346,0.03143286588957139,0.005123015136950134,0.037597471265175215
36A,11.327495574951172,8.720142364501953,10.276395797729492,3.85705771446228,6.862975311279297,0.017285519750323643,0.044275151930717654,0.037572234412035846,0.007130256707268623,0.03822385433048784
37A,11.836405372619629,8.739449501037598,10.095956230163575,3.875871515274048,6.634862613677979,0.05136124727392618,0.027666926399330022,0.008398267850299027,0.008568345693613349,0.020997133233171865
38A,11.927705383300781,8.846833229064941,10.125171089172364,3.8976338863372804,6.641988468170166,0.026255018372367094,0.0230013046154832,0.026395983354560944,0.007042517225658236,0.026663952862743992
39A,11.955284118652344,8.853416252136231,10.122638320922851,3.9027700901031492,6.634339141845703,0.03246195322785807,0.021602386388689807,0.02777983999255917,0.007880669775442871,0.030364718499776892
40A,12.069529342651368,8.869688415527344,10.111690521240234,3.9272014617919924,6.60160264968872,0.040932283821303296,0.02006209109818661,0.026810817411295314,0.010087516892599721,0.031521478689488625
41A,8.516079902648926,7.045783042907715,9.974653625488282,2.880215215682983,7.156731128692627,0.1303918772110704,0.045775193269896326,0.08990830412173535,0.07506741200330809,0.07592886063510026
42A,9.596256065368653,8.268844032287598,10.661094856262206,3.6156550884246825,7.395152854919433,0.07302152344368275,0.01839891991220442,0.056710793965211455,0.014859292363656013,0.04598054603554371
43A,10.064587020874024,8.422876930236816,10.587724113464356,3.7364221572875977,7.276995658874512,0.06518644990311157,0.02367451731017657,0.04866386310430084,0.009641578884193034,0.0418638082632416
44A,11.033621025085449,8.59360122680664,10.329170227050781,3.83896918296814,6.94827823638916,0.0436148246320498,0.024625906213784108,0.03126808884310491,0.006990377142296084,0.03442173973471743
45A,11.3115873336792,8.612968063354492,10.214527702331543,3.833664131164551,6.82373275756836,0.04234674169065885,0.021272296355168082,0.023666117165239652,0.009739464373701542,0.02501681902995924
46A,10.271580696105957,8.283619689941407,10.421899223327637,3.724559450149536,7.142790508270264,0.09996921488949514,0.07259775398527542,0.042602969693634855,0.018706958663276447,0.030570278976837284
47A,7.114859104156494,6.368965148925781,6.906661891937256,2.9760122299194336,3.850026750564575,0.1960026535508256,0.12510358314511988,0.27212557827408534,0.06674647025374227,0.2518261812025557
48A,7.488615608215332,6.577397441864013,7.565866184234619,2.8021449565887453,4.646316337585449,0.06405139522758074,0.049985248995971544,0.09888246788112591,0.024920679330940963,0.11210414946543497
49A,7.351198005676269,6.479902362823486,7.228165626525879,2.883735704421997,4.2362689018249515,0.06932768762247238,0.06404368759672173,0.1114505248867725,0.028837770040418747,0.0924125087596912
50A,7.595208358764649,6.62866439819336,7.783935928344727,2.7620530128479004,4.9062292098999025,0.04394493469661164,0.0373655143801777,0.1280764674251735,0.019141160161830813,0.17791169898231937
51A,7.471199893951416,6.547728061676025,7.457373428344726,2.8255377769470216,4.51535062789917,0.03472531944898135,0.0430299995179028,0.09596475513940113,0.019915598700026235,0.12207528907406767
52A,7.79973611831665,6.681970310211182,8.049766540527344,2.7189152240753174,5.2147674560546875,0.04853374148480337,0.023881440312993805,0.20078791825638354,0.016014238054828923,0.25826179174351177
53A,11.595421409606933,8.675206756591797,10.134739112854003,3.8457024097442627,6.713420772552491,0.04443075506016571,0.026750444596237422,0.017823872616249157,0.010469841643037152,0.01824965982123868
54A,11.633118629455566,8.690522766113281,10.130342292785645,3.8498971462249756,6.702560043334961,0.05150052917512761,0.02590316824015607,0.017228856549288938,0.010189071991645034,0.023085739031123036
55A,11.76159896850586,8.728098678588868,10.109867668151855,3.8650943279266357,6.661093902587891,0.052296016831053276,0.025216533543519885,0.01185053132827155,0.008825892871173332,0.023275593784191806
56A,11.710760307312011,8.795054244995118,10.160834503173827,3.8687803745269775,6.711300945281982,0.018704166729691597,0.02808531214850333,0.02305760481107726,0.004139260547126267,0.025158015277761937
57A,11.84230728149414,8.830145835876465,10.138434791564942,3.8843131065368652,6.669117164611817,0.023507887287459592,0.025360972807736314,0.025624354443751832,0.005123976514550222,0.027542985346272645
58A,11.87011947631836,8.837579154968262,10.134835052490235,3.8883328437805176,6.660902786254883,0.02994539459859508,0.02337562374638663,0.02756352341070789,0.0059852118111056165,0.03118198497207494
59A,9.876512908935547,8.38857192993164,10.634589576721192,3.6983501434326174,7.335345935821533,0.07783609582587542,0.024058899161726616,0.06232242415091265,0.005450748096576636,0.05261540143934992
60A,10.027569580078126,8.470778274536134,10.631413841247559,3.7442061424255373,7.308056926727295,0.04798610256668884,0.052087286235392945,0.06663115848195433,0.018898122238718493,0.05061637481609117
61A,9.734926795959472,8.325514030456542,10.642413520812989,3.658461570739746,7.362718772888184,0.040828653281363834,0.028338697522414916,0.0470211522628431,0.010933933083226967,0.03516657280523153
62A,7.976000881195068,6.796310043334961,8.789182662963867,2.673286724090576,6.041603755950928,0.14542529610515173,0.03773479460705831,0.1587735131314122,0.027873203253399745,0.21621955568870177
63A,8.47773609161377,7.031407642364502,9.939220237731934,2.8600728511810303,7.135792636871338,0.12472460452972116,0.05333076347620949,0.10725514015342459,0.07286274848490389,0.10935701685277825
64A,8.738363456726074,7.162758159637451,10.141996574401855,3.0043592929840086,7.245111179351807,0.068285464382135,0.04281212093467907,0.06250884714608425,0.060805209868293554,0.06119022355487488
65A,8.819870376586914,7.2125286102294925,10.182229614257812,3.0562612533569338,7.257340335845948,0.07850004045789016,0.05301146574720656,0.06311255305854971,0.05485560537243767,0.06354468824039884
66A,9.14389419555664,8.161952781677247,10.77999439239502,3.4869871616363524,7.5344822883605955,0.09372863417022935,0.03448491665321204,0.1191071749557605,0.031730402261076124,0.09420129262332577
67A,9.140758895874024,8.148123741149902,10.772765922546387,3.4818153858184813,7.531327152252198,0.0962351681341343,0.030301423113499787,0.11538835773398025,0.034918301962781964,0.09294929533445744
68A,9.825842666625977,8.360426330566407,10.631145477294922,3.6836822032928467,7.341898345947266,0.03895650963173681,0.029653723762780106,0.04583238534624387,0.01242675683232412,0.034152150601167844
69A,9.761658096313477,8.366268539428711,10.662863540649415,3.6725987911224367,7.3697230339050295,0.07529526977060827,0.02690870319454687,0.06922359503944926,0.007227489419578606,0.0561293164943467
70A,9.783342552185058,8.360698127746582,10.651214790344238,3.6748915672302247,7.359775733947754,0.07806508898531482,0.02135669486944813,0.06429982288334626,0.00635083791546589,0.05374937804448545
71A,10.144619369506836,8.444903755187989,10.573822402954102,3.753087377548218,7.254762744903564,0.06661091626832388,0.02746789677108754,0.050532907924495316,0.010587894865847018,0.04405378898011041
72A,10.986533546447754,8.591475677490234,10.348428535461426,3.8395225524902346,6.9688924789428714,0.043866069116542075,0.029416850971873448,0.034605477035825095,0.00879183184213543,0.035788089309915984
73A,11.171173286437988,8.624088096618653,10.286903953552246,3.841694402694702,6.896990966796875,0.04200865470833065,0.02157474899208322,0.028210051565790716,0.0049412824121235835,0.033395928914576656
74A,11.207512283325196,8.63438663482666,10.276953506469727,3.8428317070007325,6.8840936660766605,0.04698858393723654,0.02097332634167746,0.03144568392660298,0.004955794958684757,0.03725735023857159
75A,11.260455703735351,8.702300453186036,10.296074485778808,3.855925464630127,6.887844848632812,0.016851142775150683,0.04550925427322738,0.03869515707758766,0.008453185099328802,0.038169803791377126
76A,11.377537727355957,8.619960594177247,10.189347457885741,3.8334411144256593,6.79428243637085,0.04278877465968243,0.025216679399647595,0.024009740139717038,0.011253846736326855,0.02254654646072973
77A,11.630980300903321,8.72881031036377,10.151616859436036,3.855521011352539,6.7188013076782225,0.037374664190431395,0.018907237437606136,0.007142945746320873,0.008524474690166855,0.017829263830622475
78A,11.669194221496582,8.744538879394531,10.146977615356445,3.8596747875213624,6.7079870223999025,0.038831591881159956,0.01778024820565775,0.010931060999259546,0.008468792802853188,0.02291840986641001
79A,11.633415985107423,8.777250671386719,10.17861270904541,3.8626691341400146,6.739148139953613,0.017230657015272113,0.030357653259811303,0.024276043735552887,0.004604254842703404,0.026484316897454365
80A,9.888891983032227,8.257979202270509,10.541463470458984,3.665464973449707,7.281000232696533,0.06895914040928806,0.03947088276361144,0.010815540049713171,0.008100378507502986,0.02482483495280557
81A,9.963971138000488,8.220559120178223,10.489323616027832,3.6667081832885744,7.238452434539795,0.07502680728610547,0.06877974584888541,0.028139996112410002,0.014282903554604912,0.02465728863964017
82A,10.650930404663086,8.357810592651367,10.329090881347657,3.775363492965698,7.0182576179504395,0.06437931844592232,0.05359067315947616,0.04273269889831046,0.012162128232816167,0.03654331937077918
83A,10.815514945983887,8.409567260742188,10.299554061889648,3.794045829772949,6.970393943786621,0.06639974003632435,0.043105236322046825,0.03644492221956914,0.010088481751323663,0.03831177364612805
84A,10.844325065612793,8.595084762573242,10.40934715270996,3.8408382892608643,7.032619190216065,0.022114751259687947,0.04906642151086153,0.04173105930011373,0.01619805512312628,0.03410311118564794
85A,8.71314754486084,7.844767093658447,10.763309669494628,3.2721784114837646,7.624129962921143,0.1175006051803092,0.027364692984095027,0.14188480047705693,0.0692082968174743,0.13506938412103214
86A,9.877360343933105,8.025683784484864,10.389117622375489,3.5975696086883544,7.194330024719238,0.1212500163295521,0.13798327437987767,0.09223962980903862,0.03108274988063746,0.06108469283951322
87A,10.255672264099122,8.147264099121093,10.332944107055663,3.685459041595459,7.093479156494141,0.11544092181867809,0.1288050405693792,0.09129553876681457,0.02908431225953914,0.06432709695942881
88A,10.383337593078613,8.526003456115722,10.539531326293945,3.800849771499634,7.19222240447998,0.028907767652237088,0.05106126030426737,0.048252834212333055,0.022220611170433106,0.03562298722293513
89A,10.157442855834962,8.0192307472229,10.279762458801269,3.6366765022277834,7.079307270050049,0.12466301825498455,0.183187987882191,0.13251428251372727,0.04383571902468897,0.08737455054393733
90A,10.512871551513673,8.139215278625489,10.230184936523438,3.7083698749542235,6.9834513664245605,0.12328151185489786,0.15631418576341402,0.1176002497414448,0.03980427868724633,0.08214980984552422
91A,10.517888450622559,8.520236015319824,10.486429023742676,3.8101722240447997,7.136969661712646,0.03307881944110364,0.04046950070113249,0.041197325401718186,0.017730784415797993,0.03205825655259619
92A,11.113813400268555,8.644338607788086,10.325423431396484,3.847753572463989,6.932222557067871,0.008476221915444926,0.04102855058989655,0.031101084330670027,0.009897092945095685,0.027712888184270763
93A,11.666793251037598,8.771262741088867,10.163773918151856,3.8633519649505614,6.72112512588501,0.027214547161574627,0.02141462966976358,0.021850060416340685,0.004644809107072218,0.026912498622141047
94A,10.795287132263184,7.9572569847106935,9.98172492980957,3.675086784362793,6.773583984375,0.25262346009564135,0.2348285641347783,0.24980140671723328,0.04116054039246686,0.1928417442973167
95A,10.772817611694336,8.535029983520507,10.398013687133789,3.8245306491851805,7.0380219459533695,0.0315851871419967,0.03237592162187161,0.031595643985845794,0.013726071739942062,0.02552210086256826
96A,10.394568252563477,7.890626621246338,10.089185905456542,3.62565598487854,6.915715980529785,0.27850272483327176,0.22220630439119965,0.2266940179969904,0.03902969181509661,0.1766076673433122
97A,11.10982837677002,8.540115547180175,10.257089614868164,3.821809720993042,6.88909215927124,0.049232478245974806,0.027893748247663035,0.047919916521058335,0.012753728013024653,0.04093924927938806
98A,5.887491226196289,5.136074447631836,4.4741510391235355,3.1722934246063232,1.7747257947921753,0.4339219259965144,0.23885838473836396,0.2606032753534535,0.028077199388848575,0.16821742334874812
99A,6.963633632659912,5.7585712432861325,5.202984809875488,3.256344795227051,2.227828598022461,0.3107001307826673,0.19193283171608186,0.1852580705918601,0.01454152917967319,0.14302941942326922
100A,6.905226612091065,5.715581703186035,5.141578960418701,3.249900245666504,2.193033289909363,0.2918438002421013,0.19663259391667584,0.17904244964392838,0.016609581067370253,0.1399232946479398
101A,8.342094802856446,6.319739723205567,6.5488992691040036,3.1681724548339845,3.3567787647247314,0.45409726666662065,0.10210771815125617,0.21560413299040965,0.04193426149799614,0.2544570150140352
102A,8.8507737159729,6.495950508117676,7.132957172393799,3.0591299057006838,4.022205495834351,0.5825307640322058,0.13921631663649625,0.26645534337072546,0.06861685658120797,0.3460308611795402
103A,4.700792980194092,4.349277496337891,3.7655845642089845,3.044376516342163,1.3356659650802611,0.3189743390277149,0.25052203389598343,0.3126317101654242,0.0218220742539924,0.1712166216716691
104A,7.416550731658935,5.947347640991211,5.454333877563476,3.2755956649780273,2.4082457065582275,0.13646298344047925,0.1074259766309882,0.11669714226383204,0.017133514816690038,0.06812236401148926
105A,6.9802549362182615,6.000848865509033,5.9436908721923825,3.228001117706299,2.76094012260437,0.16170508196499409,0.05546351734357467,0.15295219898378473,0.021802266934638374,0.12194704822475337
106A,8.165383529663085,6.75912914276123,8.736205101013184,2.685682487487793,5.979767513275147,0.14834366894353415,0.061429253111928636,0.18277238101064494,0.018987318343457835,0.1758454751203193
107A,8.468726348876952,6.8287278175354,9.306833839416504,2.756602382659912,6.549482631683349,0.09830248057451137,0.054357548432788456,0.1763059044539948,0.04645169871067415,0.189481033455298
108A,9.105924224853515,6.885447216033936,9.595114135742188,2.977483129501343,6.743490505218506,0.20056232642491453,0.03775376523716903,0.10043178300489124,0.0403043635149499,0.1355153631229952
109A,9.441731452941895,7.058157444000244,9.76969108581543,3.1712002754211426,6.843005084991455,0.3188458244019774,0.11038932649206679,0.20619834831956635,0.03492990832224777,0.22180457249347182
110A,6.5026318550109865,5.560706329345703,4.949072265625,3.2396717071533203,2.0561739921569826,0.4477332621492609,0.21893462940432906,0.20843896654926344,0.017434769451484373,0.14279736827451006
111A,9.25408878326416,6.924538612365723,9.633665657043457,3.046296977996826,6.756205940246582,0.24614748703540257,0.07490851260985337,0.1690771018629798,0.0292991330747601,0.19765329652899555
112A,11.935793495178222,8.625121688842773,10.032868766784668,3.894592809677124,6.561495780944824,0.08749539169704425,0.0708945113668554,0.03921929807457065,0.020404251214492027,0.044836417032851655
113A,11.897654724121093,8.81064567565918,10.115103149414063,3.8911963939666747,6.638268947601318,0.022723977400601992,0.01295826252479283,0.015302388411010467,0.008338212776173174,0.017991083867023472
114A,12.056391525268555,8.85229949951172,10.10558624267578,3.9241594791412355,6.598646259307861,0.02394185418439884,0.012658363878225835,0.022391186874669542,0.011742786059496638,0.02550952826161679
115A,12.664933967590333,8.907334899902343,10.129155921936036,4.088269805908203,6.486194229125976,0.033289597131958386,0.021742288669220115,0.005731690048760123,0.012477136293867522,0.026941468539424647
116A,12.809015846252441,8.917645454406738,10.147086334228515,4.127747249603272,6.469261169433594,0.025803449770546653,0.02693349921136733,0.01449923936712454,0.012048227612723708,0.02551010612218319
117A,11.920573806762695,8.469111442565918,9.974641036987304,3.888482427597046,6.514130783081055,0.15259105898738662,0.1290542254502634,0.0837214615808139,0.028037701505382158,0.08303848492059601
118A,12.011861228942871,8.630291748046876,10.026544761657714,3.9116270542144775,6.538864326477051,0.09593853526991009,0.07878566101569365,0.03589312468103524,0.026840000537811753,0.0445962762463284
119A,5.539907455444336,4.844761180877685,4.248159170150757,3.118810606002808,1.6437703847885132,0.21747580291386268,0.20734569248340173,0.21148857305007993,0.027024464022037162,0.12920360060127375
120A,7.843848037719726,6.470624256134033,7.180980777740478,2.8818057060241697,4.162903356552124,0.20463643587954775,0.07006972183579831,0.15380314613355506,0.0212572813139817,0.19415586025316167
121A,12.815836524963379,8.918512344360352,10.148052978515626,4.129555130004883,6.468677043914795,0.024284827143729527,0.027319005031175354,0.014928106788422131,0.012082399993417122,0.025532438855602687
122A,12.437109375,8.757610321044922,10.066256713867187,4.025885677337646,6.479343223571777,0.05139088357494091,0.05028031445907679,0.017315766541777716,0.0247355533353691,0.016789957978266094
123A,12.496489715576171,8.833651542663574,10.09330997467041,4.041769790649414,6.492214965820312,0.041555727963856134,0.018502486887742208,0.009946694279071267,0.01885101772844857,0.018764391618378274
124A,6.7374859809875485,5.570326519012451,4.982917404174804,3.226680374145508,2.1042007207870483,0.21173763947919777,0.1813711805854809,0.12778820526092807,0.02902365324486077,0.08710429811832904
125A,6.566083526611328,5.486880493164063,4.876409912109375,3.2161043643951417,2.035202980041504,0.24574545328028455,0.19371389797547134,0.15869687227242685,0.0262608811983868,0.11533676188834152
126A,8.812548828125,6.728084564208984,8.929888153076172,2.7702581882476807,6.121637058258057,0.19137675605016413,0.04419397712367978,0.10985611298573796,0.045124206858948385,0.13859322857746223
127A,8.536865997314454,6.7307757377624515,8.755541801452637,2.7059481143951416,5.9658185005187985,0.09766424323204098,0.04584666218388148,0.11395293608244572,0.039864797817308936,0.12476146597399901
128A,10.556115341186523,7.40290412902832,9.571411895751954,3.4860816955566407,6.463117980957032,0.7127914342576877,0.20715659665864128,0.4393826252927359,0.069828699899004,0.44591121729143557
129A,11.025081825256347,8.020748233795166,9.9410982131958,3.7035950660705566,6.704935836791992,0.23655794464463206,0.2173314272143182,0.23238909640827835,0.04505972776523865,0.18309534366861252
130A,10.972751998901368,8.0273606300354,9.965876007080078,3.7021727561950684,6.733782482147217,0.197280175130654,0.23631056310033308,0.1928080221754956,0.06264632962256958,0.13570747112607182
131A,10.427226448059082,8.4653564453125,10.48440055847168,3.7890435218811036,7.151883888244629,0.032826755358871675,0.019136631929484633,0.02253480630894039,0.012971236423658241,0.023559777249730074
