"ID","x1","x2","x3","x4","x5","x6","x7","x8","x9","x10","x11","x12","x13","x14","x15","Low shear visc","High shear visc","Toughness","Stress at break","Strain at break"
1,0.577320168696674,0.573955011491524,0.490947660548124,0.287537977066734,0.112818179410556,0.0287159075757248,0.00408109043554199,0.000416766061061335,0,0,0,0,0,0,0,3.69696335780641,3.28904222971766,3.34157371858488,2.04545118433691,0.978902422866229
2,0.338953270893596,0.46348504881191,0.531720449626054,0.473704706828378,0.340945952625548,0.198141187883209,0.0838068646927536,0.0249105906083461,0.00456953374138182,0.000649623805136775,1.28515395286223E-05,0,0,0,0,7.1865857917106,5.8470869271968,5.70442977432511,3.50338091605508,2.48157316656801
3,0,0.0100704566471053,0.0479839761459979,0.164802797040449,0.714645777697575,0.677295347696036,0.0314294556608712,0.000880766131620057,0,0,0,0,0,0,0,5.93329680053367,5.77608659863138,5.55780399249508,3.26356448459408,2.56191907849265
4,0,0,0,0,0,0.216263428470544,0.694749453148158,0.675872986247115,0.11725627197685,0,0,0,0,0,0,9.00347281184419,8.17169743165621,10.6302696064368,3.48624961300084,7.40267064315066
5,0,0,0,0,0.0442196947786884,0.138260324137238,0.45982435243863,0.755877766469507,0.441106755988187,0.0394589256458052,0.00262515391288198,0,0,0,0,9.89015743329395,8.59004022606516,10.2398958585424,3.43457844902048,7.10665630040356
6,0,0,0,0.00161664189187852,0.0396651812100374,0.0751467123769722,0.181612120800134,0.463451782331336,0.688233046531708,0.487221880152109,0.184070397780876,0.0086230548890676,0.000599389509540836,0,0,11.5403687625004,8.83732744905267,10.1976429573641,3.77727244706586,6.86501615627878
7,0,0,0,0,0,0.0416247894547185,0.095119445057679,0.235490848186819,0.569363175760199,0.67120912741072,0.389341031835487,0.0864363763855726,0.00315017942868967,0,0,12.1972572370755,8.99217026588792,10.0440802654743,3.85477661595375,6.54514975529727
8,0,0,0,0,0,0.0381830978301527,0.0864159977739424,0.203090018605683,0.415066320855513,0.62509949341782,0.550523611011514,0.278960745520806,0.0767665075542716,0.00324497358557594,0.000610715556465962,12.8812408349583,8.89599850886294,10.2738693511845,4.22211093148739,6.50632409365607
9,0,0,0.043862400839276,0.154724043608071,0.654288758587336,0.729345591199034,0.0868277701194745,0.0783692746077337,0.0204196653822701,0.000146649820408389,0,0,0,0,0,6.69550715632989,6.32350435597115,6.7340689369617,2.95059316117603,3.65481933814346
10,0,0.000296437008958758,0.0552725354083535,0.170196211146455,0.682373320067721,0.703729812935224,0.0438261091144259,0.0536895274548046,0.0473460497072221,0.00797392609076511,0.000759679839455629,9.42330361217811E-05,0,0,0,7.46670798998778,6.73261467730339,7.70039833219517,2.86829814051964,4.92406992672046
11,0,0,0.0119956790401222,0.148299820387712,0.700229397471098,0.696840451441007,0.0239023151724676,0.00899525300981777,0.0214356934573451,0.0250337539512987,0.0147091161809383,0.00081539565128343,8.42792778978693E-05,0,0,8.46486146330613,6.71986182797636,8.47051966236854,2.87926564605206,5.58972028306589
12,0,0.00707679501867564,0.0273445094788831,0.176789319785107,0.743260741140812,0.643535130967687,0.0195102479732265,0.00627477798509849,0.013787931042245,0.0209813772130357,0.0172280557703124,0.00515056860389146,0.000233986451064172,4.70489772185105E-05,0,8.8030230495777,6.7338482207892,9.65214704724981,3.00648515356554,6.74000019413029
13,0,0,0.0341864017814664,0.108735325209498,0.455363759695793,0.598705084211361,0.462223097561504,0.447955662026388,0.0829786111132617,0.00201673267857645,5.74992780017916E-05,0,0,0,0,8.32083923946983,7.72087273108278,10.9825653765062,2.87825925233816,8.04842419170171
14,0,0,0,0,0.0567650965697008,0.297331668918134,0.754830945168638,0.569779110803583,0.117460673106263,0.0125029179091866,0.000528104789549911,0,0,0,0,8.95176780991096,8.14936292424587,10.5516182668847,3.49107416057492,7.27874032328115
15,0,0,0,0,0,0.193265486745357,0.680176696641946,0.679772788585647,0.184322111463504,0.05614887736744,0.0280993043204914,0.000400960770421083,0,0,0,9.55925629239316,8.19926540529771,10.2937804096595,3.53359131929662,7.01504877123639
16,0,0,0,0,0.0630708911753694,0.230700861608614,0.686787194378207,0.673161312564725,0.132620097185555,0.0158558237856452,0.0111249582271994,0.00360613080247239,0.000325335652992328,0,0,9.73542978253112,8.36945005050703,10.750142977211,3.84274837996656,7.26189874142366
17,0,0.0367903127336364,0.0689397512746177,0.178220884825011,0.554746264519096,0.619843554550612,0.229495457721136,0.380498627043993,0.266955021355359,0.0381105299153554,0.0039620368410532,0.00106282885267068,0.000236905362534472,0,0,9.32766107855272,8.125422880039,10.7994515662453,3.56589849513031,7.6024809131285
18,0,0,0,0,0.0035530773377956,0.156339813963897,0.547542117660891,0.735131107435286,0.366286251349681,0.0340198698218288,0.00146731355442558,0,0,0,0,9.71609315059288,8.46050713658544,10.5161782777401,3.61512639589389,7.25584519681486
19,0,0,0,0,0,0.081739060046555,0.429969641957238,0.755499014906358,0.470293052386497,0.121862718394859,0.0404958572932559,0.00028252058880873,0,0,0,10.5051195930103,8.67964815220139,10.5734331847196,3.82240030918294,7.10353717096758
20,0,0,0,0,0.0372843756459288,0.106632579985555,0.379280138406602,0.741495924560477,0.523945956267415,0.121787888721696,0.0626331014035946,0.017180755777664,0,0,0,10.5551111035987,8.58132538001192,10.5044041778141,3.79372898924345,7.15513116136367
21,0,0,0.0863574889336106,0.179127733457852,0.635352848329722,0.676601986858993,0.0754846368978363,0.11103823616437,0.201245459763178,0.184204571920808,0.0806253890061591,0.00570316642518489,0.000830397209549169,0,0,10.8291310770371,8.29580809311689,10.4205546330026,3.90027033253192,6.96947189729449
22,0,0,0,0,0,0.146100471711261,0.473968458729822,0.668989796656099,0.457940077380665,0.291513532565624,0.108478737472386,0.00207693070491618,0,0,0,10.9191915501843,8.55351483452908,10.1509511300893,3.68858251003041,6.72342541088038
23,0,0,0,0,0,0,0.210955678315409,0.59436007096331,0.666730746546797,0.368141311057823,0.148879985933151,0.0032625636081759,0,0,0,11.0882969052496,8.65654577465306,10.6278976210524,4.02889583141381,6.99774209662125
24,0,0,0,0,0,0.0183324280848029,0.117052469275315,0.385814617905298,0.699385936078106,0.545442946841016,0.222972604378291,0.0271919448050628,0.00219662292792756,0.000130258931334303,0,11.5668547819953,8.70753031532516,10.463612989096,4.01040634913233,6.91131031235609
25,0,0,0.0101159912421016,0.158499492729863,0.584114794912598,0.725503766315489,0.101042401960446,0.0873979759222755,0.17332448830254,0.203227729504522,0.130438204021172,0.0319941711754931,0.00107490473808847,0,0,11.4163058949552,8.35626593570987,9.8662948741721,3.62647204720512,6.62639973842404
26,0,0,0,0,0.039731725638582,0.200354628324404,0.543408063488431,0.608838680923245,0.364019752666773,0.33659783042958,0.210142856573573,0.0482687698653648,0.00204127290977185,9.56262487842269E-05,0,11.5041255254964,8.67547873945278,10.3028827995788,3.93061415408229,6.71557774320374
27,0,0,0,0,0.0186041959415704,0.0740111801579428,0.293712477104846,0.609446962700036,0.592418461779445,0.380001650522352,0.198342319018216,0.0421933516295716,0.00166338857035921,0,0,11.6628386076771,8.7713241680169,10.0661396348369,3.80412665503524,6.62042122596457
28,0,0,0,0,0,0.0326055373252677,0.11460273385639,0.335788281900012,0.645238255258218,0.60226625487231,0.300524043094379,0.0606172415073345,0.0017674316599274,0,0,11.8521510505023,8.78137631357926,10.1544703331374,3.90782593001645,6.61641275524542
29,0,0,0.0377246518507094,0.163535474333423,0.662202406905678,0.727687243410721,0.0542832749297442,0.0285852672158799,0.00533313459255163,0.000116530831459503,0,0,0,0,0,6.21906282803076,6.01518921171302,5.60844240457406,3.19995507100731,2.65048238582187
30,0,0.0163614230102873,0.0610657901784163,0.176429510595316,0.684264015690307,0.703634992947299,0.0375448189422991,0.00512275361366618,0.00721083384623557,0.00718433770440746,0.00411640476411956,0.000206819496899145,0,0,0,7.01223840985048,6.17880335751994,6.18125260309797,3.18886929841313,3.09833398721471
31,0,0.0143369572186887,0.0460509900450712,0.166148024939061,0.708785954060916,0.681888882608969,0.0511357825379807,0.00394513977714286,0.00474039172828607,0.00617604222366358,0.00500109576929662,0.00159724368687413,7.44410452786988E-05,0,0,7.23361665712602,6.15859773120681,6.40414756323603,3.16156759274723,3.2906705807418
32,0,0,0,0.000613616819227226,0.0475249607789974,0.253380068545732,0.711060354584585,0.639167696091332,0.135967554983686,0.0269138416964944,0.0135267915498179,0.00169124157869949,7.47103877749477E-05,0,0,9.2281671924418,8.16583551429624,10.8146337768703,3.66755004087305,7.43305133914849
33,0,0,0.0032806240494347,0.132618457618067,0.340855795783609,0.430439797045607,0.386235491229697,0.615853584050475,0.387024745191155,0.0518723944429518,0.00275465751058536,0.000715051135746434,0,0,0,9.54874882815202,8.30475793445336,11.0759609653321,3.70041699003699,7.71604218250139
34,0,0,0,0.0109495631765733,0.0378910638654268,0.149045756759472,0.520537006805884,0.737712797298425,0.395158400776199,0.0660242923963458,0.0224439963565363,0.00613648765353481,0.000177880504624239,0,0,10.0868197096127,8.50337549861657,10.8956194975826,3.85156226018321,7.49479666623385
35,0,0,0,0.0628190088667333,0.401953965641054,0.532446176141054,0.0922412879016555,0.218780451047756,0.492605047274516,0.460218590718407,0.200064435985376,0.0112685807335195,0.000931068056356933,0,0,11.2253878265318,8.5879336904677,9.96444169144031,3.60948082647631,6.72738607111413
36,0,0,0,0,0.0198444767065097,0.132125931891341,0.345254162706882,0.523836147785498,0.568749779383911,0.475965609967445,0.196172652117383,0.00639573398531635,0,0,0,11.3427802744247,8.77684969062994,10.1432682276199,3.741384424126,6.76036933663662
37,0,0,0,0.0640105402164613,0.415821201446637,0.637836261424237,0.137284630607757,0.127358195791506,0.346160893869559,0.433855921698954,0.262083734770987,0.0658855670933756,0.00244657395220001,0,0,11.9533586669069,8.78660690897376,10.3118106472633,4.00485604692992,6.78260194931331
38,0,0,0,0,4.74279649742996E-05,0.0889581715905649,0.288868112030581,0.444847350052273,0.496748688077021,0.567851840340772,0.365182926127311,0.0903267182765909,0.00441058480029056,0.000761543671415733,0,11.9677752694732,8.87735823785567,9.97782222429923,3.7388455456573,6.61238968372542
39,0,0,0,0,0,0.0465482956387184,0.130450000480744,0.374903981965064,0.61180317047281,0.594311633485141,0.327006349590057,0.0762545471335204,0.00231929662310297,0.000577053294317081,0,12.0357073272029,8.86845035230331,10.2300800093637,3.90861929938726,6.77965100714571
40,0,0,0,0,0,1.37120357100023E-05,0.0505494679763375,0.255922234271413,0.620003663723353,0.649680560674115,0.345121390960181,0.0796544163981306,0.00236320790229475,4.30696936635178E-05,0,11.9636698192772,8.87426092486973,10.0358406811914,3.85729861048877,6.53721395389312
41,0,0.00736829444381653,0.030939934877435,0.134638793009796,0.596923196359712,0.774880211222607,0.115480138496074,0.0794356476648194,0.0550115551544535,0.031964205709077,0.0197832341959904,0.00437193710101558,0.000153764599268193,0,0,8.9816740984673,7.33577304222745,10.2775125724231,3.35078026472252,7.26084608757456
42,0,0,0,0.0695935315433402,0.285860859408375,0.46035383711424,0.540847503633365,0.608679265333622,0.186657922297199,0.0511490842042054,0.0317803423538298,0.00638625669454545,2.53056365746731E-05,0,0,9.62953523855272,8.18612472807756,10.3317139023078,3.53243813611041,7.21418059425105
43,0,0,0.0817700239891643,0.101319754187855,0.351722468404403,0.42374124325343,0.371797735312529,0.606593962216383,0.404227913143048,0.0923401610767437,0.0399794025034564,0.00820452814476868,0.000515339212860356,0,0,10.1334425200621,8.44253286161291,10.3636031878475,3.66504731121332,7.16438080062675
44,0,0,0.000869261597559919,0.0800934976530786,0.339378618760595,0.489757493619537,0.299874211451148,0.445947636710151,0.465776429776357,0.335041471654724,0.142783010685845,0.012751199966781,0.000371084808792918,0,0,10.9744973740906,8.5125122528977,10.1065401629536,3.7002359246021,6.8312636188695
45,0,0,0.0429853613235594,0.133867222558955,0.432478132015619,0.55153455589359,0.325965844358893,0.412522626024764,0.345474793530905,0.262689033418956,0.151893035800996,0.0338059084228998,0.00166575522278826,7.74299222573509E-05,0,11.3623095305631,8.60343877526113,10.1588172189213,3.81135028486935,6.79756264073513
46,0,0,0.0500411913083941,0.123893341192696,0.465821976503541,0.668300680344749,0.327022338545508,0.375250747938445,0.227783686719255,0.119402521704151,0.06679166023727,0.0130353186678645,0.000506721562779714,0,0,10.2656240549753,8.16564982031182,10.3052871339752,3.68121752636792,7.09029364560448
47,0,0.0114739919643303,0.0422077695854013,0.149902176148452,0.589326243088019,0.781405090172097,0.118456242815724,0.0551562288887267,0.0251439359959296,0.00323650222041844,0.000264633049563333,0,0,0,0,7.04197143710124,6.58180350768625,7.41827288966444,2.62376789680378,4.70238299101622
48,0,0,0.0324527364037139,0.140698043509951,0.618042341179229,0.764750478657152,0.100851349046574,0.0386562458052083,0.0200476839265058,0.014156580644985,0.00796212808762371,0.000484671204795387,4.01899918429656E-05,0,0,7.4235823745104,6.55315247239744,7.63518275814844,2.77230330651259,4.90438979436292
49,0.0209078501983919,0.0699101678780305,0.0953933945973444,0.17729857611161,0.619727277505035,0.748750235206593,0.0895162579559619,0.0343534687523113,0.0136922865984856,0.00610631275351933,0.00541743236154595,0.00211918941598581,7.50928923564862E-05,0,0,7.66447801717909,6.62015409214792,8.58822883655092,2.77256872203978,5.77717115484814
50,0,0,0.020209007551986,0.137525733724377,0.600907071554775,0.780897351710029,0.0899898482738829,0.0266118590259197,0.0275900618362692,0.0132822013834303,0.00664420821655653,0.000385101735517087,0,0,0,7.5674163388044,6.62318037428107,8.44228372278539,2.68472507307847,5.74174945349501
51,0,0,0.0468483233583948,0.15088905222818,0.600298226335773,0.777942520013801,0.0900831408349722,0.0247902200906759,0.0239263623373067,0.0108099010409171,0.00738701345267701,0.00340882902141369,0.000404222457324101,0,0,7.86063377365643,6.68754450619899,9.38840479366978,2.62971294942262,6.67527015573344
52,0,0,0.0473693885923892,0.118493638653976,0.507496412098754,0.840440286996353,0.136729063897837,0.0123041683168141,0.016684683096141,0.0205063404008296,0.0162326174689385,0.00377587334848573,0.000202768009604742,0,0,8.37269213716884,6.73541375557052,10.1476741482103,3.12469603792906,7.17851527735783
53,0,0,0,0.0513871469671544,0.381687803150966,0.532614971921593,0.21263139255561,0.242896742582076,0.361304412104121,0.461294572818733,0.334628963396164,0.0918841745110492,0.00542642574587121,0.00137302466832478,0,11.7900419173172,8.75762326611385,10.0371126793301,3.77495342937982,6.69029703563357
54,0,0,0,0.110483421097151,0.4145073849869,0.514925064094885,0.157722329710877,0.283583263693256,0.430011315230777,0.424556825349761,0.274896294383445,0.0692504416405218,0.00335346106281821,0.00058980734023829,0,11.6928608437712,8.66021647649377,10.1361316236832,3.84355699512546,6.71812104159511
55,0,0,0,0.119527089221825,0.437202558604886,0.438969785358242,0.0307235880010485,0.112476953794622,0.385784801228172,0.54293053004631,0.367646785855245,0.0973080804051589,0.0056769902201322,0.00299229544189716,0.000210268005312033,12.0030421308465,8.87982363278943,10.3405854111095,4.02264320466748,6.80223928457145
56,0,0,0,0,0.0535978026913759,0.185680966351182,0.359315842698221,0.566508524347147,0.484976869563602,0.4232746437353,0.302072607921348,0.0835880767418077,0.00335503187436172,0,0,11.7719019460925,8.82454307815576,10.0583733645261,3.79155828225986,6.69945277745424
57,0,0,0,0,0,0.0516628702879273,0.241870666564194,0.416853669214442,0.545306491706374,0.583276497976537,0.347452628496173,0.0822013772604308,0.00339150457416421,7.86593066578203E-05,0,11.8576067719269,8.8320112304997,10.0136169848414,3.78261343782814,6.57683337472921
58,0,0,0,0,0.0188222841644111,0.0574042253809221,0.178222016817869,0.478074255384812,0.646707982108444,0.498937419162947,0.25642306516389,0.0557659593269098,5.15308291551421E-05,0,0,11.9088451602349,8.88035650693916,10.1217479527655,3.86901424668087,6.64945047773303
59,0,0,0,0.0412146395458248,0.287560120806286,0.399473368190797,0.352650120051412,0.632977130801712,0.473160057381008,0.0818083497457092,0.019726761050132,0.00683127240676607,0.000738817906964622,0,0,9.87841245013919,8.34408664568916,10.5602517211727,3.70269423902964,7.31964000385277
60,0,0,0,0.057042212759915,0.0514349178994771,0.170821145144261,0.505853848675828,0.734756096235973,0.404503806596148,0.0725038406564157,0.0168775464950646,0.0010706742070774,0,0,0,10.0372634985884,8.59891571817258,10.7473376550809,3.74362603404154,7.45330726217636
61,0,0,0,0,0.0517878541219421,0.234756105244908,0.689828838792426,0.666356737255824,0.143752742349488,0.0343039053460967,0.0212314321203112,0.00448090081859281,7.92047585695573E-06,0,0,9.54912422047705,8.25205334524984,10.5949615845571,3.62226560764437,7.41177378681515
62,0,0,0.0491774474336335,0.175489578168171,0.668153274256319,0.708461761072869,0.105716919625156,0.0754679065668806,0.036483638148032,0.0139026706845884,0.00650305691736524,0.00014122956013264,0,0,0,7.94329168004626,6.91408818374277,10.4761613570838,2.93782589770725,7.62249808629674
63,0,0,0,0.0384200622647125,0.405980994887885,0.901298396446581,0.129764266017981,0.0624701755181106,0.0236908423904515,0.00580234228118701,0.00526253743264738,0.000791273937752754,0,0,0,8.53277909768998,7.31693569898593,9.87950525073622,2.8090508262349,7.17942945602669
64,0,0,0.030690788752471,0.0964607633483954,0.418009439109708,0.892619930546403,0.123110177206235,0.0458439334635281,0.0200411723136794,0.0210907770665819,0.0120279262892858,0.00149700957940677,3.93176725670425E-05,0,0,9.03747318148115,7.41558241176389,9.85428567085767,2.90618681576475,7.10123188620768
65,0,0.0133482816759754,0.0625756969622374,0.10281517990573,0.433842181010723,0.884556302303497,0.104734546174665,0.0443306635261363,0.0377401668025453,0.0163415154315271,0.00709545639857186,0.000103094599768154,0,0,0,8.22344028423647,7.07636942816287,9.72448413759502,2.65736822859129,7.06198641842958
66,0,0,0,0,0.258979936529006,0.437094020108126,0.6655388729187,0.53769252103677,0.095008982146482,0.0260976833301215,0.01073199667671,0,0,0,0,8.99582325574977,8.0229908542558,10.8489222410488,3.41577257887241,7.68577692162118
67,0,0,0,0.0806778799231113,0.251751539784262,0.442824654392489,0.652725322663328,0.54613967843941,0.0947482340258232,0.0219645414412506,0.0147762548098779,0.00465462348061124,0,0,0,9.03286107250819,7.98068730082329,10.4371529339232,3.42472053020814,7.36287392447754
68,0,0,0,0,0.0612139204902257,0.317713107744476,0.759044970930394,0.551163667529744,0.113191810753663,0.0447992986854002,0.0235601432143335,0.00247735207954389,0,0,0,9.63174663096654,8.22449053690758,10.4825143847771,3.63916081404413,7.26889253199413
69,0,0,0.000650494711183323,0.0598744558781086,0.202256632500552,0.380271606786158,0.499580528882963,0.67384623012235,0.323588965717919,0.048253718236659,0.0145840875065488,6.09606693680481E-05,0,0,0,9.8299881131375,8.43136148198151,10.8327687796117,3.77483685086148,7.41665553040781
70,0,0,0,0.0455384086486404,0.307444311572278,0.400276910357691,0.493544227439876,0.640182989448894,0.296070091334125,0.0407284799147411,0.0206384803072563,0.00449032460944519,0.000247572007361869,0,0,9.85082841352664,8.35832953404847,10.8435908786775,3.78663845129783,7.51466939776839
71,0,0,0,0.0647995282730029,0.312913626434248,0.387206594625015,0.409270758036873,0.657788550130867,0.374696668842187,0.0782737699038091,0.0351107563569516,0.00341535218902793,0,0,0,10.1226819829939,8.42707955283986,10.5797890314575,3.76650916053249,7.31957415906243
72,0,0,0,0.128085686955954,0.453192273779254,0.445113949766642,0.320938173706562,0.445385784101005,0.425531616392486,0.297804223634181,0.0945678559167421,0.00264422936441892,0,0,0,10.9874948162735,8.59601731075867,10.3824675577707,3.84561171308212,7.04277661109536
73,0,0,0.046163750533972,0.11521142405176,0.46033246219662,0.448722692716394,0.250385096204334,0.345839441945902,0.457327786200333,0.399892306329079,0.14107069399819,0.00869764557382449,0.000662383194133614,0,0,11.2427007882475,8.63240640939935,10.4515005471517,3.9159766594278,7.05579693667398
74,0,0.0489261020971442,0.095973262496885,0.182196654986191,0.457079668035743,0.374766733096977,0.206147835455439,0.421377747083974,0.520903798230144,0.325484196211008,0.0919898444182746,0.00536195244433838,0.000272688324957057,0,0,11.3256183006634,8.70432538076254,10.3436665068415,3.83350091769254,7.00502764153706
75,0,0,0,0.0109645045363324,0.0552886517116031,0.167681395380014,0.403343126137154,0.579757630062204,0.568000391211715,0.369578139243151,0.103205859032232,0.00609902574400667,0.000463013459210376,0,0,11.2492059826097,8.70791492329701,10.2527477006101,3.79425309968556,6.92102699880227
76,0,0,0.079943276408866,0.18180793775124,0.50841365437794,0.481183189508751,0.341960141632976,0.385809811320689,0.32966786579508,0.276022002358399,0.139977499141344,0.0168542137664752,0.000692253989824714,0,0,11.5205463521016,8.66921933028948,10.3046641118677,3.922345187928,6.87270838889814
77,0,0,0,0.0721499147320047,0.303342177113739,0.666971493250604,0.312044941988216,0.310823475348017,0.331473812589342,0.348512402249738,0.179212974006813,0.022140468086762,0.000623375815658017,0,0,11.5865630884321,8.61824564066752,10.313430386742,3.88103248156215,6.9578399002185
78,0,0,0,0,0.216848624220643,0.54816343115596,0.229375341482028,0.34582284190809,0.485710196952737,0.440173048475701,0.223117349023976,0.0289650186818433,9.94010585719922E-05,0,0,11.5555346614931,8.62050761525513,10.4251302556953,4.05759381751709,6.85463045573754
79,0,0,0,0,0,0.103203592741283,0.295349279998306,0.521756492636292,0.564814832473968,0.503178994012838,0.238840601428259,0.025247454328467,0.00090653328645367,0,0,11.6701286240958,8.79090462740531,10.4117692262776,4.00518914296108,6.91061219411099
80,0,0,0,0.0450613621536298,0.323164526716262,0.756241093301138,0.401723383234176,0.362632921053361,0.156272899018685,0.0616618217301572,0.022925058672228,0.000549094797188122,0,0,0,9.75641923347851,8.14336530665955,10.5836848338677,3.64365789987496,7.40705153427098
81,0,0,0,0.0519331066019763,0.358692526320274,0.745672635719905,0.434160179681369,0.324901225636447,0.121073615151059,0.0532054971959914,0.0323570200707019,0.00472716715993028,0.000328973128579956,0,0,9.85370539650542,8.07048933529148,10.3615262515622,3.62993268329295,7.20099249302358
82,0,0,0.0507413361420588,0.104687414660554,0.389121115954359,0.782532878025922,0.356955392008691,0.249598320492126,0.136256807809866,0.110771284105895,0.0460131823984343,0.00479631771821649,0.000166713681510721,0,0,10.6314402649474,8.27030580644521,10.3380170804458,3.7706420050857,7.05398374650416
83,0,0,0,0.0931207603363548,0.398682078642067,0.783255806725309,0.268803681650372,0.288681585978274,0.219161518754539,0.114355814294671,0.0466070080475419,0.00421322660703063,0,0,0,10.7115692711882,8.35081820944397,10.4482715677749,3.85585642426539,7.04939510919561
84,0,0,0,0.0312030441293932,0.103037549013836,0.267888792267041,0.626316869133922,0.63638775181958,0.298832685974366,0.157731988043047,0.0717764741484808,0.00712515874829945,0.000229985318393928,0,0,10.8274673145746,8.60572957166374,10.498964928013,3.89493222654493,7.13843770146091
85,0,0,0,0.0747125698460499,0.378481009581309,0.77750369556221,0.386543203884017,0.298822198441876,0.0890178034260521,0.00486174897152596,0,0,0,0,0,8.73129007811459,7.86052322045323,11.1251322723312,3.0645997238427,8.03205526221806
86,0,0,0.028375455330265,0.0799982337608913,0.328434481051021,0.839829895036697,0.344438133298161,0.232571854438002,0.0447953377061673,0.0492181094509894,0.0483203310987161,0.0109754757096833,0,0,0,10.2999657322366,8.06883519596872,9.72236179926998,3.22305794758922,6.75047111826073
87,0,0,0,0.0788322014372704,0.357587872097673,0.862767697282942,0.216001192669464,0.211057617505276,0.155093961171842,0.0595334940511371,0.0511861188156368,0.0113169193400693,0,0,0,10.4658205977628,8.19475586965929,10.2082098459076,3.64878001099054,7.07196479862674
88,0,0,0,0,0.0551288271256319,0.262248748804603,0.660687187270016,0.644832251106366,0.256509497914303,0.0943813730135091,0.0341200766201567,0.00103390510934119,0,0,0,10.2969351836048,8.52355160048735,10.7501953708734,3.91601562430707,7.32551858660419
89,0,0,0.0410566559351705,0.0859836333738109,0.35085759599821,0.838145019854399,0.342424789681382,0.214879529397057,0.0236819076971693,0.0136291947791477,0.0237918044204612,0.0235772867781511,0.00604572938799228,0.000114546527270515,0,10.2532989964535,7.86570605411559,9.55916073682324,3.32710668115415,6.46234432367454
90,0,0,0,0.0469777998341478,0.370787040196859,0.862578730754763,0.22252264425566,0.210874401999734,0.132527077575686,0.0327461391412319,0.044988878968229,0.0391421816744713,0.00958002120567799,0.000165608745358376,0,10.7420278918182,8.16877832463092,9.79265286477193,3.47561024066649,6.64360937834306
91,0,0,0,0.00453859350288292,0.0723898761919718,0.296828270249889,0.694870565367858,0.599126055413384,0.224512710547459,0.103915263478451,0.0597794722753937,0.00755166192632619,0,0,0,10.4921775130476,8.47137959287669,10.5420403725129,3.84819710498279,7.20968102693647
92,0,0,0,0.0646152152730929,0.177227610943704,0.356565669110095,0.637083644613043,0.508482491935227,0.34731182383663,0.214608607102469,0.0782105682884155,0.00684716290191547,0.000150988021959399,0,0,11.0703642251864,8.58152981717431,10.3685274317569,3.88007915000714,6.99911238294036
93,0,0,0,0,0.0195856878034725,0.127887304279328,0.435339707044046,0.692539235788718,0.440904036068426,0.269748574488615,0.203684249755627,0.072854918585629,0.013194883411803,0.000323160122916556,0,11.811369420066,8.73520466277423,10.101682711545,3.87075045108772,6.67577378787834
94,0,0,0,0.0921156227721926,0.420432126229363,0.893615188780134,0.10305606865189,0.00740834037671776,0.0131913319134218,0.035036037214955,0.0536199678352023,0.0346366523479753,0.0071844192257548,0.000217270250587966,0,10.7905005093436,7.64680751339946,9.84808730386298,3.69825199431585,6.52643761049432
95,0,0,0,0.0270571266581942,0.0985831191649801,0.284066164698366,0.683316137682447,0.600239662890897,0.149716542879488,0.179398086317005,0.161373354598557,0.0317336020844098,0,0,0,10.8659510579454,8.46304389270363,10.3104298254601,3.85606495321877,6.95983545369814
96,0,0,0.0269227086266282,0.114267862339446,0.393768527290433,0.900459490848821,0.11283174449593,0.0171863613503121,0.0336284803248387,0.0579379878988141,0.0522366042504123,0.00971307530077613,0.000101409035489441,0,0,10.7147036538094,7.90735844406942,10.1691727887342,3.72993914838137,6.88178209731306
97,0,0,0,0,0.0414544439155304,0.250443566291325,0.726699062122026,0.625284586477755,0.0786303992407936,0.0395650607704522,0.066226522629371,0.0638629850476068,0.0165723061141852,0,0,11.2766278605273,8.61211117310882,9.93843737218977,3.80574994019024,6.49127060789582
98,0.522230799615616,0.520950760214868,0.474758116014962,0.334852025368968,0.248536866741763,0.233316923386425,0.0457307548574821,0.00796871463854968,0.0013959694819197,0.000192297907354647,2.86039017433991E-05,0,0,0,0,5.96513597206047,5.29572400669544,4.40566304097814,3.15707829045865,1.71575403135765
99,0.546097302495891,0.545884267038965,0.490694048595558,0.334383574005502,0.187115806223481,0.0987072263232218,0.0600495291494117,0.0495409302558604,0.0194586012742912,0.000817974459117578,0.000286146314232498,0,0,0,0,7.24161219386703,6.28589008122685,5.60341712210548,3.27504441566157,2.57720730551432
100,0.577921739154829,0.561919241185116,0.48886237703163,0.301313722172147,0.126079377248426,0.0463402868307345,0.0292877024176045,0.0344178461904847,0.0197356992092963,0.00124890408106439,1.29255109889103E-05,0,0,0,0,6.71198245821395,5.89086213813005,5.07588493560875,3.2549252069705,2.13545160336021
101,0.535834556967282,0.539442491224255,0.503833839756796,0.345463707247252,0.194950897669094,0.0937189303946313,0.035730841974189,0.0141048343715611,0.0104445952226741,0.0130777838330264,0.0117810598698114,0.00239689072674405,0.000160180961581941,5.62238340084266E-05,0,8.29044230816339,6.19160214595392,5.49193151110799,3.25940329922165,2.50642349325025
102,0.522746417177043,0.549571003069581,0.503813850861527,0.349867189300275,0.195545190199043,0.0930888397176622,0.034092037898742,0.0104947431610574,0.00541024106162429,0.0078106028904641,0.0117347271411206,0.00819652566566946,0.00119287171645663,5.69086328008643E-05,3.36911380626755E-06,9.73946946064006,6.74165622298237,7.34305724988027,2.65294144058115,4.22625159044748
103,0.534210598918195,0.562903349409091,0.506322972032345,0.331947008269473,0.163624734941116,0.0633106541719053,0.019933071319474,0.00531088650229026,0.000509786733883091,3.70724189089752E-05,0,0,0,0,0,4.59338737383283,3.9875057939933,4.06538587609374,3.10865283987748,1.42581959520966
104,0.562894147997621,0.563056766101174,0.500024921340078,0.310907051476758,0.133237540815182,0.0380162327304328,0.00900180670895186,0.00412063548335753,0.00348926298242294,0.00478422547479858,0.00665682484144853,0.00673737783701842,0.00297714030471222,0.000135665724108043,1.29641144962799E-05,9.41324039881333,6.41189106199519,7.66621573883065,2.04545118433691,4.64305211875932
105,0.296010571331748,0.389602944774863,0.45494003567212,0.445151961399424,0.405946333495314,0.422608439532404,0.107061284647439,0.0241900162240627,0.00435750960066802,0,0,0,0,0,0,7.19908568815268,6.0676644962179,6.43995118838898,3.18597504122262,2.76380009010329
106,0.335260711477562,0.415066030410072,0.512668968039367,0.475536602122901,0.352137272279801,0.241147602993655,0.181086850046767,0.10599431939974,0.0132051539744973,0.00120106036194578,0.000168491657350876,0,0,0,0,7.93584018607135,6.74477232027083,8.88821483633372,2.6588529540858,6.03034914608892
107,0.220546171125452,0.39248942160623,0.542727993569282,0.512233511116492,0.395559130577254,0.244907065072996,0.127225503683529,0.0786096528259572,0.0394242791506566,0.0028317869704349,0,0,0,0,0,8.37800928194786,6.94339587320195,9.65318278481686,2.62676711336417,6.88444552530149
108,0.347325106519475,0.445476800353215,0.511280445244145,0.482973065631868,0.358186538353213,0.214771706540236,0.0928571604525602,0.0344114604639541,0.0219076872222198,0.0284801626983968,0.0263240545457197,0.00546699074493034,0.000146985981693887,0,0,9.31812993510807,6.87835736379758,9.7385914995574,3.02419931499299,6.90139517633989
109,0.330830210105982,0.448433670279187,0.516427063330692,0.485439785774082,0.357581060261711,0.218790224043425,0.0963825500093244,0.0344291277012337,0.0187842157439622,0.0180770001568064,0.0145847644149098,0.00303959006094484,0,3.68297228752843E-05,0,9.40771473139643,6.96984705928912,9.90037664941687,3.21711291184979,6.99774259015048
110,0.444927298479432,0.509433162857562,0.517795427497428,0.418035354865797,0.270553684026627,0.148703656165795,0.0627799790347801,0.0194943095083425,0.0042722099333207,0.000452343228509818,7.37111758205406E-05,0,0,0,0,6.42131327698434,5.42921550352943,5.2998638487154,3.45258512158959,2.20394999978624
111,0.320632229154161,0.379349017208009,0.537655710143207,0.504228496475746,0.379520531228605,0.232499011155686,0.102504570443921,0.0323611791697301,0.00851483241834993,0.0059594704615184,0.00944530614130471,0.00993768361939951,0.00521320079184444,0.000185164758585898,0,9.91234652900278,7.10475196078679,9.64955594432245,3.31449730166913,6.48777549070881
112,0,0,0,0.00800988856470377,0.361037875816614,0.888176826869119,0.17963229772429,0.0245644936989607,0.0522818136503854,0.110182308657489,0.145177491557406,0.10364437906228,0.0341350466757897,0.000921645260257727,0,12.4076056963298,8.55117134015829,10.0713436220939,3.98570564142498,6.54313612030731
113,0,0,0,0,0,0.0896341434413754,0.431837895264558,0.612780992490607,0.391355010644584,0.301487027083377,0.354442175031202,0.234648076953038,0.0723460793988399,0.00219672442326014,0.000528836322867927,12.2264159762931,8.8544303734873,10.1059925864069,4.02263815528279,6.53155057908588
114,0,0,0,0,0.0334028412154018,0.117305908876566,0.37508804102579,0.554153343588953,0.451679383766999,0.358223046767255,0.383787894795837,0.230722499618174,0.0669154931653114,0.00221065764290382,0,12.3784785375368,8.88056373637279,10.082505975114,3.98823876891387,6.54212564694488
115,0,0,0,0,0,0.0172217436676427,0.0682722685691884,0.195189102383501,0.434441068283427,0.62417271713455,0.546561498731316,0.26935840879477,0.0855594374529461,0.00299747276045323,0.000272231017128394,12.6858760167334,8.87035303127568,10.2530679828545,4.20072265996762,6.49716842710821
116,0,0,0,0,0,0.0295267697513209,0.0991496336273889,0.161968057829182,0.362734307836804,0.560526360522413,0.626683799442992,0.342305910089152,0.0858291520475578,0.00490851372152729,0.00110992156444321,12.9075731728718,8.94490630046886,10.0582014397872,4.12448429601386,6.33887690039603
117,0.553491950076233,0.55509263621353,0.516486067928753,0.314391176585773,0.130711456557119,0.0369781583667393,0.00663092027584965,0.00388109308456433,0.00769346666259689,0.0170490556496695,0.0248146774768216,0.0197104888960042,0.00727348897383128,0.000464978590077622,6.25982707455368E-05,12.2460606924127,8.4351794870487,10.0987523926631,3.98813390752068,6.47937043905136
118,0,0.0614735739321628,0.519673751674897,0.513035547559739,0.401849871958602,0.272295202409812,0.115326811942958,0.0804151024323345,0.135342233055908,0.25089601678938,0.301878791433111,0.179953354733701,0.0526811684808867,0.00204082385269894,0.000207380507442558,12.3353596267041,8.55149219742981,10.0620185898862,3.98512665341715,6.49490416133671
119,0.535381284267448,0.538876649145743,0.504951587214851,0.345358085529109,0.196376309063482,0.0945748537437725,0.0336480918420605,0.00923895097396748,0.00149399899169704,0.000968732207976558,0.000880193779549013,0.000954610384211576,0.000241354469200087,4.42368257389269E-06,0,6.97556344898733,5.38480541217925,4.59957503912471,3.19253349223772,1.86592856094251
120,0.355668587020883,0.432615337245817,0.535209711923829,0.475218024224832,0.351297492087682,0.205487951475316,0.0872986648829012,0.0272735978020028,0.00659008030924836,0.00228647117522415,0.00255856456378116,0.00236304716510589,0.00114033812819524,0,0,8.93482575270263,6.51943534870846,7.91054700400608,2.80785414758346,4.80698190296481
121,0,0,0,0,0,0.0276302995527361,0.075096026246985,0.186422002518509,0.41705826405755,0.606094966788705,0.561959319446366,0.304379751544944,0.0953201026419006,0.00483190413828927,0.000840744776529123,12.8201179950977,8.91816957358419,10.2059880438562,4.1871054043156,6.46499339296978
122,0.556756071586262,0.54944926591098,0.508811614592628,0.320228211418713,0.128505006156775,0.0437156444744384,0.0130448278162126,0.00974158572376527,0.0276123528490967,0.0499365013169503,0.057108107423342,0.0368127858584632,0.0114179263358028,0.0004100457697968,6.07904264117647E-05,12.6505586605069,8.72219829791413,9.9482397518352,3.98144234596424,6.36794863302756
123,0,0.0970463336158262,0.413614416705598,0.498186022895068,0.30377880503961,0.198475298329388,0.136668242750833,0.120083579747561,0.199468176248854,0.337167436776652,0.412421816462669,0.275717314875821,0.0833672941452677,0.00347478237593808,0.000350508547104835,12.8091173128213,8.86998580886874,10.1174163096087,4.09981543632869,6.4747566176305
124,0.522183863589199,0.548439088270376,0.502018475397927,0.351734422229259,0.20040355853332,0.0952113004438869,0.0362220405017747,0.010314924619738,0.004554143669531,0.00685359022858102,0.00801293874405485,0.00434337186331,0.00171057619772883,6.07320147133466E-05,0,8.35754151995165,6.08380593045451,5.31135918728312,3.26215092326728,2.35721230270468
125,0.550240223373073,0.564140917100758,0.509539335246952,0.315099000483104,0.132974627996335,0.0405871344670267,0.0146021964243287,0.0166475249871224,0.0121651735671269,0.00428031815757182,0.00583617575914511,0.00585329644480442,0.00290388020252533,9.65888986688245E-05,1.06879254279748E-05,7.40401939674921,5.68954267941279,4.42558024646473,3.19115439202922,1.69754647729292
126,0.367267874595016,0.437528803182144,0.5190165769833,0.478051548131091,0.349257507097109,0.210289617647687,0.0920408683413459,0.029793147170886,0.0089987901083435,0.0071609841737999,0.00790917238478718,0.00369162238040532,0.00111409318737085,0,0,9.0723701901057,6.71091483133896,8.58288655693128,2.54866521058557,5.68921393360079
127,0.368759821620271,0.460896556429656,0.514749852706829,0.465011751467591,0.342347550785778,0.204120843621653,0.0962206057484154,0.043780644667356,0.0178028586057518,0.00309569144620733,0.00268326355120914,0.0028781731838988,0.00170031694957503,6.53848832745809E-05,3.9226137464222E-07,8.90766242127789,6.88524821799964,7.81927955784552,2.59489718036528,4.93635719465119
128,0.511524768733797,0.590844197073319,0.513689129271756,0.321392215327039,0.138459681021078,0.0427471782912968,0.00928209355514951,0.00609524871940632,0.00819424762585896,0.0135667034152825,0.020188954699048,0.0162001066792399,0.00574928438628071,0.000247016782134805,2.32714978903365E-05,11.2216128099221,7.689320763013,9.79957632249447,3.6023641904034,6.55984308688771
129,0.424887384113849,0.433274060794022,0.498624644529178,0.448812576066546,0.330747809295809,0.207758521630964,0.097537216657324,0.0479045856072736,0.0420302338118141,0.0660304455718497,0.0840981341671279,0.0608038607398071,0.0205339511043243,0.00107274460242407,0,11.1337390280694,7.87958793369318,9.81488058683058,3.68059594034903,6.56436366257134
130,0.478970090453769,0.526016751483831,0.491355652009175,0.355441770039942,0.214505752189433,0.13149384977557,0.127702744354613,0.175994622911938,0.119072883285653,0.0219129444317472,0.0202300967274753,0.0196824579116041,0.00916961494069718,0.000293307030901291,0,10.0436827343828,7.87340997862292,9.72061022970391,3.48785532953641,6.5470155707853
131,0,0,0,0.0121899465641512,0.128255266305511,0.475018986104829,0.515246052268147,0.609041039678051,0.304860018459996,0.12837168279493,0.106346264850807,0.0249195367889081,0.000202872006685588,0,0,10.4544190744866,8.46108763489216,10.3762819842875,3.75668930610919,7.09900436651979
132,0,0,0,0.0132608349283062,0.019150494887307,0.118505080420572,0.427247747852188,0.755465046830426,0.466817123323175,0.0973857366762827,0.0663332223359772,0.0185084652740509,0.00100437587914115,5.39530966617937E-05,0,10.6163997779867,8.46483406607472,10.5240314802017,3.86418562721398,7.20612622138113
133,0.319304584310345,0.429933114604967,0.530331780639633,0.486130604331572,0.362021040156271,0.221491352813108,0.109679169428003,0.0541323333135351,0.0230934435393278,0.00323504770297031,0.00151581143249116,0.001633077324846,0.00105597112591633,4.90722132215682E-05,0,8.89966803711338,6.89562500377591,7.74690941902438,2.38266303081622,4.93492084044698
134,0.200098355100639,0.43015296913049,0.56158306145366,0.492454909983965,0.387605784324961,0.231126638480371,0.103325326533505,0.03551368785628,0.0135597453793831,0.0129888876561363,0.0226615595059149,0.0219039915892458,0.0100233265760142,0.000458115399942539,0,9.98090836450466,6.93685119093498,9.67168760229218,3.19560031970662,6.68830664305289
135,0,0,0,0,0.0157490868576042,0.0917709971389393,0.350282541256985,0.68263074679823,0.479115728702749,0.240230958852012,0.268146621385594,0.195727701325802,0.0718853236501711,0.00227688564003118,0.000180252308612839,12.3822056482194,8.89461769978555,10.064971671288,4.00256101652704,6.48823254381617
147,0,0,0.0271629051526456,0.164564024160766,0.675623331928457,0.714877828672236,0.0682594689133227,0.0020752990421291,0,0,0,0,0,0,0,6.43550539546185,5.97586686661826,5.90910867044462,3.14759805928345,2.89374395453331
"141a",0,0,0.0138488927756025,0.0776216715568033,0.395059427067,0.910269932146756,0.0954968629444996,0.000364906030661883,0,0,0,0,0,0,0,8.04697407228756,6.810911724159,6.29273972355039,3.16833609910806,3.13815155164829
"142b",0,0,0,0,0,0,0.0290379518516998,0.182086737767192,0.513328134004345,0.719955081017311,0.423558817516122,0.0689537365824302,0.00185357875505006,0,0,12.2600445991047,8.90654517762492,10.3731823091286,4.0789901170785,6.78067298897627
"143c",0,0,0,0,0,0,0,0.0591021310894386,0.252816904080203,0.578512683830612,0.673712310559312,0.373666906111191,0.0663145179128811,0.000881107936554967,0,12.9604795403103,8.9906749316818,9.99706373562456,3.98572033137349,6.45843383781798
"144d",0.538408935196895,0.53307058659751,0.502606684864777,0.349854300776785,0.200456095361067,0.097218199212201,0.0348890711686712,0.00934944884798989,0.00117168925761405,0,0,0,0,0,0,5.32058101533264,4.59491612568047,3.79679523830523,3.0547568394929,1.29749964947931
"145e",0,0,0,0.0389804208541389,0.0719318512779604,0.189496412173215,0.617390822095687,0.710408892565099,0.267315964819077,0.00928536594760316,0.00108647307556507,0,0,0,0,9.39473755095305,8.34879110770136,11.1498377253879,3.53825206852299,7.87080004637912
"146f",0,0,0,0,0,0.00504589429735216,0.0217491553855955,0.117765752494379,0.329252526813588,0.635611922797983,0.624826286347941,0.283762806844637,0.0477733930553654,0.00332442319067038,0.000656034164147814,12.7940907651261,8.91643139654212,10.1062615170609,4.11704312297126,6.41405196163332
"JREx HDPE",0.625926062716538,0.534416548563647,0.411284025762023,0.29936307918058,0.20001382957313,0.126227484858279,0.0736008715756479,0.0416591156516167,0.0233467069981436,0.0124952589502154,0.00630772931253045,0.00288221930549589,0.00127274774940391,0.000533162340422138,0.000185559318796722,9.36341332841101,7.00404679530006,10.0958333318426,3.33247090326084,7.2229754240555
"Sigma HDPE MFI 12",0.545375766298905,0.547466023590627,0.465025791647072,0.352724133685977,0.217373116037593,0.110040630119874,0.0475951305275338,0.0207470610120941,0.00977978579922335,0.00490259057974173,0.00247136835122542,0.00117858236774837,0,0,0,7.54015053795671,5.89583248217086,7.45485888647105,2.45017112976771,4.9606176769145
"SSPHDPE",0.605354711764908,0.517296535600011,0.415110511008334,0.323325831587063,0.232610198391911,0.153173779713127,0.0903185591124727,0.0498783162819486,0.0261861914428664,0.0125272246101842,0.00551733112276417,0.00218369121728887,0.000820072393397081,0.000305725457683679,0.000119669660462816,9.24509922273264,6.90658659633853,9.95687241631663,3.31853688946751,7.13382334971756
"1A",0.577320168696674,0.573955011491524,0.490947660548124,0.287537977066733,0.112818179410556,0.0287159075757248,0.00408109043554198,0.000416766061061335,0,0,0,0,0,0,0,3.69696335780641,3.28904222971766,3.34157371858488,2.04545118433691,0.978902422866229
"2A",0.338953270893596,0.46348504881191,0.531720449626054,0.473704706828378,0.340945952625548,0.198141187883209,0.0838068646927535,0.0249105906083461,0.00456953374138182,0.000649623805136775,1.28515395286224E-05,0,0,0,0,7.1865857917106,5.8470869271968,5.70442977432511,3.50338091605508,2.48157316656801
"8A",0,0,0,0,0,0.0381830978301527,0.0864159977739424,0.203090018605683,0.415066320855513,0.62509949341782,0.550523611011515,0.278960745520806,0.0767665075542716,0.00324497358557594,0.000610715556465962,12.8812408349583,8.89599850886294,10.2738693511845,4.22211093148739,6.50632409365607
"9A",0,0.00989303523726913,0.0471385939557258,0.161899299649964,0.702055140961251,0.683526066845788,0.0892256504711904,0.0576297903282927,0.00984800200231086,0,0,0,0,0,0,6.69550715632989,6.32350435597115,6.7340689369617,2.95059316117603,3.65481933814346
"10A",0,0.00995951306249815,0.0474553492421848,0.162987207768019,0.70960796767792,0.678698665833738,0.0605659846664565,0.049336041143841,0.0282826539597883,0.00253000690765935,0.000168318255617952,0,0,0,0,7.46670798998778,6.73261467730339,7.70039833219517,2.86829814051964,4.92406992672046
"11A",0,0.010025859732548,0.0477714795970036,0.164140312953894,0.71313328329473,0.677426290787436,0.0388555708298836,0.0201825807423688,0.028669284719143,0.0202958908670095,0.0076677030679356,0.000359205093404487,2.49683862076826E-05,0,0,8.46486146330613,6.71986182797636,8.47051966236854,2.87926564605206,5.58972028306589
"12A",0,0.0100603598591543,0.0479358667057639,0.164637563332211,0.713929263329819,0.677586162664061,0.0336142811426383,0.00636695363011975,0.0132664855047695,0.0156395540466313,0.00907186726356346,0.00201401668253825,7.34009706060375E-05,0,0,8.8030230495777,6.7338482207892,9.65214704724981,3.00648515356554,6.74000019413029
"13A",0,0.00740002678687396,0.0352598418586282,0.121101272304431,0.525139830636035,0.619969830717349,0.415908751030224,0.382787984178917,0.0662970758516825,0,0,0,0,0,0,8.32083923946983,7.72087273108278,10.9825653765062,2.87825925233816,8.04842419170171
"14A",0,0,0,0,0.00905157432167371,0.203429786610046,0.65672693083118,0.702041722012567,0.185245842185324,0.0080770661110157,0.000537357298986507,0,0,0,0,8.95176780991096,8.14936292424587,10.5516182668847,3.49107416057492,7.27874032328115
"15A",0,0,0,0.000240595188495564,0.00590313278276521,0.208471436333748,0.660818212787968,0.685542545127271,0.209393466832725,0.0725103318695693,0.0273941014847036,0.00128331792394176,8.92035723895973E-05,0,0,9.55925629239316,8.19926540529771,10.2937804096595,3.53359131929662,7.01504877123639
"16A",0,0,0,0,0,0.213426739031311,0.682231872290525,0.676304521388235,0.163946700353332,0.0592020919361867,0.0343407182947169,0.00762387472463292,0.000277852616325717,0,0,9.73542978253112,8.36945005050703,10.750142977211,3.84274837996656,7.26189874142366
"17A",0,0.00821085884465516,0.0391233157290179,0.134370520734274,0.603717257759955,0.618002776523614,0.244382454776549,0.360319224983044,0.209852018028299,0.0187721794408938,0.00124889006748271,0,0,0,0,9.32766107855272,8.125422880039,10.7994515662453,3.56589849513031,7.6024809131285
"18A",0,0,0,0,0.0313075884754346,0.165192289879775,0.54177068683339,0.745502213521273,0.348795623063822,0.027936959130641,0.00185861161639668,0,0,0,0,9.71609315059288,8.46050713658544,10.5161782777401,3.61512639589389,7.25584519681486
"19A",0,0,0,0.000296350551046541,0.0449508296454484,0.131587283189446,0.425109202611806,0.729041746080919,0.502029805542231,0.122936872071689,0.0359792916163578,0.00158071313190478,0.000109875546548865,0,0,10.5051195930103,8.67964815220139,10.5734331847196,3.82240030918294,7.10353717096758
"20A",0,0,0,0,0.0414924600758398,0.134416971370788,0.44216810299777,0.735757735770922,0.477968915762052,0.112552737513555,0.0462736280159647,0.00972620440561909,0.000354472159975071,0,0,10.5551111035987,8.58132538001192,10.5044041778141,3.79372898924345,7.15513116136367
"21A",0,0.00916899907583249,0.043688687450324,0.15060475530892,0.664274048701069,0.64243244790256,0.0908846284659923,0.15970368390389,0.235971564430631,0.167051712880848,0.0631114416092205,0.00295655049201525,0.00020551015529177,0,0,10.8291310770371,8.29580809311689,10.4205546330026,3.90027033253192,6.96947189729449
"22A",0,0,0,0.00109130674570218,0.0267757999105876,0.150157487024423,0.442016908282573,0.62359277669785,0.518498742920224,0.32889691101958,0.124255883626111,0.00582095392694844,0.000404615158342183,0,0,10.9191915501843,8.55351483452908,10.1509511300893,3.68858251003041,6.72342541088038
"23A",0,0,0,0.00112599143174825,0.0435340306693519,0.102076314610015,0.291906249770869,0.594707415551419,0.638034523850745,0.353544770218186,0.129149423286132,0.00600595961873948,0.000417474924665309,0,0,11.0882969052496,8.65654577465306,10.6278976210524,4.02889583141381,6.99774209662125
"24A",0,0,0,0.00137781051244625,0.0338053244344491,0.0706367971422389,0.169845206501144,0.432277173464373,0.676723113904372,0.521536339697432,0.218533481575971,0.0210372789781032,0.00100970483480185,0,0,11.5668547819953,8.70753031532516,10.463612989096,4.01040634913233,6.91131031235609
"25A",0,0.00979403857443521,0.0466668920583425,0.160279221484254,0.69502988385727,0.667202519913946,0.0499857562641342,0.0489329251381709,0.11623761509525,0.137029845838231,0.079485423234223,0.0176463085009311,0.000643120875220116,0,0,11.4163058949552,8.35626593570987,9.8662948741721,3.62647204720512,6.62639973842404
"26A",0,0,0,0,0,0.170227137594807,0.525373843730007,0.590661653835279,0.396615243282763,0.373562624504193,0.216688438431554,0.0481063178323982,0.00175323792091454,0,0,11.5041255254964,8.67547873945278,10.3028827995788,3.93061415408229,6.71557774320374
"27A",0,0,0,0,0.0245007188608868,0.101497122909627,0.311655110914129,0.559630516120041,0.58488060887922,0.423243961305974,0.234279275788963,0.051688692201192,0.00188379779066312,0,0,11.6628386076771,8.7713241680169,10.0661396348369,3.80412665503524,6.62042122596457
"28A",0,0,0,0.000616499078527386,0.0151261375747199,0.0552020096453565,0.129916967636766,0.326913539960055,0.625551442211349,0.61384640712861,0.318486752354765,0.0584109630857423,0.00223752126968105,0,0,11.8521510505023,8.78137631357926,10.1544703331374,3.90782593001645,6.61641275524542
"29A",0,0.0100183021370372,0.0477354689675537,0.163949289653574,0.710944654529659,0.679918761607061,0.0509629348976255,0.0200373051963375,0.00332423289513224,0,0,0,0,0,0,6.21906282803076,6.01518921171302,5.60844240457406,3.19995507100731,2.65048238582187
"30A",0,0.0100574757707071,0.0479221245254336,0.16461288388397,0.714277101057028,0.677469046771718,0.0339186619061322,0.00733516237370252,0.00958656394956387,0.00678663097513692,0.00256396092637602,0.000120112609458717,8.34904091407388E-06,0,0,7.01223840985048,6.17880335751994,6.18125260309797,3.18886929841313,3.09833398721471
"31A",0,0.0100676958292408,0.047970821328575,0.16475761631805,0.714449857403286,0.677433196523012,0.032160157021994,0.00271088190781524,0.0044253864558505,0.00521698611351302,0.00302616080973473,0.000671828431543338,2.44848314234738E-05,0,0,7.23361665712602,6.15859773120681,6.40414756323603,3.16156759274723,3.2906705807418
"32A",0,0,0,8.53358030254384E-05,0.00209375997721728,0.213892485436052,0.683976286433439,0.680530140405138,0.150149023638625,0.0257184170490792,0.00971631088291958,0.000455175210532223,3.16392797802956E-05,0,0,9.2281671924418,8.16583551429624,10.8146337768703,3.66755004087305,7.43305133914849
"33A",0,0.00471825552958137,0.0224816677848697,0.0772141458600176,0.371095016809512,0.430721121296319,0.391841969568991,0.620331932287747,0.361765606931737,0.0323615133782065,0.00215297178220595,0,0,0,0,9.54874882815202,8.30475793445336,11.0759609653321,3.70041699003699,7.71604218250139
"34A",0,0,0,0,0.0433180297489455,0.137071077292143,0.454172995844988,0.749686431903184,0.454407694414059,0.0649378204866293,0.0178176029157619,0.00338471143124031,0.000123356030974521,0,0,10.0868197096127,8.50337549861657,10.8956194975826,3.85156226018321,7.49479666623385
"35A",0,0.00640800910388715,0.030533049965777,0.106029070467598,0.483255569017462,0.484995219154941,0.150553490386751,0.333719142020722,0.494745801790589,0.350246157112812,0.132321539912886,0.00619880173797999,0.000430879401936691,0,0,11.2253878265318,8.5879336904677,9.96444169144031,3.60948082647631,6.72738607111413
"36A",0,0,0,0.00142057938519316,0.034854681806776,0.109176562827978,0.298185653125111,0.542078706624095,0.628157806129072,0.42813276238616,0.161746775105508,0.00757727117819795,0.000526696966862178,0,0,11.3427802744247,8.77684969062994,10.1432682276199,3.741384424126,6.76036933663662
"37A",0,0.00840338924122242,0.0400406896158236,0.137521276353555,0.596343030910623,0.58704935829239,0.0762117090903103,0.124484982771644,0.299199329273553,0.352719194485028,0.20459801501619,0.0454221610044764,0.00165541364858529,0,0,11.9533586669069,8.78660690897376,10.3118106472633,4.00485604692992,6.78260194931331
"38A",0,0,0,0,0,0.109188900613257,0.318275413602129,0.429973138189086,0.519512568877421,0.565047878487086,0.327761222341062,0.0727652368036005,0.00265193384646207,0,0,11.9677752694732,8.87735823785567,9.97782222429923,3.7388455456573,6.61238968372542
"39A",0,0,0,0,0.0115093846312894,0.07106489798004,0.199842805963342,0.395195375109269,0.594635123985919,0.575924934877762,0.328796465764515,0.072843377740425,0.00265478169804976,0,0,12.0357073272029,8.86845035230331,10.2300800093637,3.90861929938726,6.77965100714571
"40A",0,0,0,0.000271680233622904,0.00666582113947074,0.0477225048617014,0.110715690942565,0.27642684756643,0.595690189098489,0.647776322883399,0.359187554136922,0.0743237864056255,0.00275665062059469,0,0,11.9636698192772,8.87426092486973,10.0358406811914,3.85729861048877,6.53721395389312
"41A",0,0.00988931684369155,0.0471208764564126,0.16187166135482,0.704013804879765,0.6806126727415,0.0794860718483289,0.0655165064451854,0.0396236912856779,0.0189526550403314,0.00832401914255215,0.00116704403503516,4.83906854088901E-05,0,0,8.9816740984673,7.33577304222745,10.2775125724231,3.35078026472252,7.26084608757456
"42A",0,0.0045436113683426,0.0216495187016076,0.0744476560119137,0.328562319045242,0.473441185857332,0.550194281727059,0.569677977520217,0.177073714000988,0.0522463787515056,0.0229466455191155,0.00321716532825504,0.000133397567387668,0,0,9.62953523855272,8.18612472807756,10.3317139023078,3.53243813611041,7.21418059425105
"43A",0,0.00516342963170841,0.0246028450309304,0.0846034578884708,0.395431989030107,0.464766369854057,0.397711009563634,0.579881853827043,0.344074124525957,0.0790485126764766,0.0273858685722582,0.00365603601174115,0.000151595041126626,0,0,10.1334425200621,8.44253286161291,10.3636031878475,3.66504731121332,7.16438080062675
"44A",0,0.00625077607975761,0.0297838619255938,0.103049563458127,0.467464920773272,0.508457884020494,0.274654825180094,0.426280711135809,0.418385116298463,0.26168360568131,0.103276563259032,0.0077852252368933,0.000417022700003315,0,0,10.9744973740906,8.5125122528977,10.1065401629536,3.7002359246021,6.8312636188695
"45A",0,0.00732064937882281,0.0348816223013699,0.119949780594293,0.52937836047816,0.57178559572422,0.26299575557322,0.347685384753128,0.320795503230068,0.254886318461623,0.135991802414192,0.0271666593875219,0.0010161079080457,0,0,11.3623095305631,8.60343877526113,10.1588172189213,3.81135028486935,6.79756264073513
"46A",0,0.00823559469270312,0.0392411777470253,0.134941277110053,0.595540831199715,0.631338745792991,0.268650332417951,0.323762359652684,0.197986170419325,0.0947000006551644,0.0415923054883769,0.00583132393045987,0.00024179187191314,0,0,10.2656240549753,8.16564982031182,10.3052871339752,3.68121752636792,7.09029364560448
"47A",0,0.00996783929518107,0.0474950222942066,0.163123466379027,0.708427689542306,0.680583611707885,0.0642211463519984,0.0405090098171314,0.014335786513541,0.000949545755136076,6.31721141353715E-05,0,0,0,0,7.04197143710124,6.58180350768625,7.41827288966444,2.62376789680378,4.70238299101622
"48A",0,0.00999413857867321,0.0476203338104531,0.163579027444179,0.709847552390405,0.680213539365672,0.0561241199364731,0.0295950744254463,0.0144477082978284,0.00758687850643948,0.00286629111188419,0.000134275722135653,9.33352045992055E-06,0,0,7.4235823745104,6.55315247239744,7.63518275814844,2.77230330651259,4.90438979436292
"49A",0,0.0100073470341956,0.0476832698060015,0.163770009641414,0.710167230201814,0.680302602826951,0.0541932924361133,0.0244547214025474,0.00868438932298638,0.00583392817189896,0.0033840237287348,0.000751276451227532,2.73803197320403E-05,0,0,7.66447801717909,6.62015409214792,8.58822883655092,2.77256872203978,5.77717115484814
"50A",0,0.0100158382394227,0.0477237289235315,0.163934196563891,0.712458034629342,0.678137792898821,0.0452117144775503,0.0263855462471498,0.0214062120069806,0.00855746961063973,0.00293599082609151,0.000134567266783978,9.35378576102519E-06,0,0,7.5674163388044,6.62318037428107,8.44228372278539,2.68472507307847,5.74174945349501
"51A",0,0.0100291371464563,0.0477870959048146,0.164126604339572,0.712784209934225,0.678226531904306,0.0432623780504341,0.0212298363503905,0.0156396308611392,0.00680201608019665,0.00345495273583436,0.000752912289192891,2.74399379543979E-05,0,0,7.86063377365643,6.68754450619899,9.38840479366978,2.62971294942262,6.67527015573344
"52A",0,0.0100513191903039,0.0478927894895399,0.164514930900548,0.713908884629369,0.677548481674257,0.0350442997854078,0.0101929220822803,0.0157487439650686,0.013489848563235,0.0062815834381932,0.000889621519667569,3.68875499114436E-05,0,0,8.37269213716884,6.73541375557052,10.1476741482103,3.12469603792906,7.17851527735783
"53A",0,0.00799306700663646,0.0380855754629609,0.130806362192529,0.567224683777221,0.600098153246229,0.208638977336209,0.24291654055318,0.276838909071958,0.298219161617493,0.172984769359699,0.0384038038910432,0.00139962916146945,0,0,11.7900419173172,8.75762326611385,10.0371126793301,3.77495342937982,6.69029703563357
"54A",0,0.00808583620170927,0.0385276045585071,0.132324527988077,0.580713593103452,0.584118424570787,0.139796351332163,0.224592329160683,0.324790439589561,0.3078424700684,0.175402424452828,0.0388495264117913,0.00141587354808627,0,0,11.6928608437712,8.66021647649377,10.1361316236832,3.84355699512546,6.71812104159511
"55A",0,0.008181284045035,0.0389823969475538,0.134051390170436,0.584626365914693,0.576830450924138,0.0873105609936021,0.155069652219963,0.329109629872302,0.354926937455898,0.195829090400309,0.0401874725559733,0.00149371095341957,0,0,12.0030421308465,8.87982363278943,10.3405854111095,4.02264320466748,6.80223928457145
"56A",0,0,0,0,0.0102460558860339,0.125874348749036,0.382260003565237,0.538700632198607,0.517730941030567,0.45675675178675,0.260250775764608,0.0576424152533618,0.00210078161931644,0,0,11.7719019460925,8.82454307815576,10.0583733645261,3.79155828225986,6.69945277745424
"57A",0,0,0,0.000252624952821142,0.00619828954214725,0.109800211699124,0.31649111453734,0.452325045083014,0.541752216670657,0.543874806144835,0.300080093504376,0.0615815581722273,0.00228889855768817,0,0,11.8576067719269,8.8320112304997,10.0136169848414,3.78261343782814,6.57683337472921
"58A",0,0,0,0.000252849784702953,0.0169200632462312,0.0742919308332676,0.206183294508125,0.419916506972499,0.611660677240853,0.553921371866453,0.300983342802154,0.061636364704417,0.00229093563820714,0,0,11.9088451602349,8.88035650693916,10.1217479527655,3.86901424668087,6.64945047773303
"59A",0,0.00504956822097427,0.024060315192605,0.0826360706197298,0.39284055154353,0.448942722114297,0.377850014011945,0.59843692801565,0.364126244375203,0.0543354563946345,0.0157083858175986,0.00303266924216528,0.000110525830213812,0,0,9.87841245013919,8.34408664568916,10.5602517211727,3.70269423902964,7.31964000385277
"60A",0,0,0,0.000107469749393034,0.0390750160143779,0.148300697746019,0.485348083836085,0.745475768714046,0.42516220423915,0.0649043123201344,0.0143996715249748,0.000573236133856236,3.98457077617334E-05,0,0,10.0372634985884,8.59891571817258,10.7473376550809,3.74362603404154,7.45330726217636
"61A",0,0,0,9.45176963516233E-05,0.00231904268482494,0.212428491727129,0.677675532891773,0.680688362354939,0.17085311487278,0.0503607663587062,0.0234506232157215,0.00332116563723022,0.000137709869308557,0,0,9.54912422047705,8.25205334524984,10.5949615845571,3.62226560764437,7.41177378681515
"62A",0,0.00992747609331295,0.0473026986505541,0.162491501734482,0.706411605566193,0.680605904097983,0.0718826727897922,0.0541771919244468,0.0284836782985392,0.00969368405155359,0.0033258157774823,0.000152434379230882,1.05957307450515E-05,0,0,7.94329168004626,6.91408818374277,10.4761613570838,2.93782589770725,7.62249808629674
"63A",0,0,0.0134631542611057,0.0754596454104371,0.385896492620311,0.903166704924989,0.15154198745707,0.0724501114031808,0.0333265341536985,0.0116949133091457,0.00594020541210046,0.00129450501846604,4.7178320633394E-05,0,0,8.53277909768998,7.31693569898593,9.87950525073622,2.8090508262349,7.17942945602669
"64A",0,0,0.0135539372442783,0.0760122017017309,0.387718257051487,0.905494972976963,0.138205109532771,0.0537956513274227,0.0336799645257208,0.023298372305726,0.0108489482981573,0.00153646894397978,6.37086374435005E-05,0,0,9.03747318148115,7.41558241176389,9.85428567085767,2.90618681576475,7.10123188620768
"65A",0,0,0.0136507683231969,0.0765552426918953,0.392354625786672,0.90576241935693,0.119931001367408,0.0484652380206252,0.0460126164987751,0.0251303320376013,0.0110372591330627,0.00154744567663606,6.41637801809139E-05,0,0,8.22344028423647,7.07636942816287,9.72448413759502,2.65736822859129,7.06198641842958
"66A",0,0.00415451079081831,0.0197955220573059,0.0680721930593831,0.30042527612296,0.454578281912778,0.573842528115595,0.585608365494138,0.157880954061752,0.0283967044911475,0.00974265380663245,0.000446541686142237,3.10391625345753E-05,0,0,8.99582325574977,8.0229908542558,10.8489222410488,3.41577257887241,7.68577692162118
"67A",0,0.00423374620180904,0.0201730650232439,0.069285161583816,0.304061807314486,0.460506878185756,0.578000982148605,0.57924721228311,0.141321443844915,0.0229714754708302,0.0116679174362966,0.0025427029249806,9.26689755226703E-05,0,0,9.03286107250819,7.98068730082329,10.4371529339232,3.42472053020814,7.36287392447754
"68A",0,0,0,9.78203466318422E-05,0.00654588831753787,0.206076254134475,0.658571054178645,0.691779392665156,0.203682140705559,0.0558199470119303,0.0245161591594837,0.00343721426141215,0.000142521746406882,0,0,9.63174663096654,8.22449053690758,10.4825143847771,3.63916081404413,7.26889253199413
"69A",0,0.00482297247023853,0.0229806258121623,0.0790250235574667,0.373477672675351,0.445605224818854,0.41113168159822,0.604163697778772,0.343395459391483,0.0550189034496719,0.0127774187837864,0.000518390339444442,3.60333704594926E-05,0,0,9.8299881131375,8.43136148198151,10.8327687796117,3.77483685086148,7.41665553040781
"70A",0,0.00494838349815112,0.0235781875695561,0.0809801849013983,0.380742608337308,0.453988346592329,0.413890887988167,0.599384739722271,0.329450646472967,0.0494755652856702,0.0151427298475209,0.00297189973014875,0.000108311081347062,0,0,9.85082841352664,8.35832953404847,10.8435908786775,3.78663845129783,7.51466939776839
"71A",0,0.00526544416687833,0.0250889265656287,0.0862749791535731,0.407741459272826,0.459007448077738,0.359161894444804,0.577570109677319,0.380005449575954,0.0846230135298084,0.0281938966169914,0.00372826877966963,0.00015459012361204,0,0,10.1226819829939,8.42707955283986,10.5797890314575,3.76650916053249,7.31957415906243
"72A",0,0.00605834497665453,0.0288669611548923,0.099999247997335,0.456069269433766,0.496727470176655,0.27590999618197,0.438242359752997,0.433509974772358,0.262165942272469,0.0976080848071133,0.00455820817931168,0.00031684156022786,0,0,10.9874948162735,8.59601731075867,10.3824675577707,3.84561171308212,7.04277661109536
"73A",0,0.00643372455446229,0.030655579619617,0.106195276060937,0.478833040074652,0.512185967696334,0.240121158192584,0.381999969039018,0.431012067603691,0.303511943240408,0.120734473906071,0.0087046038935051,0.000477295785381509,0,0,11.2427007882475,8.63240640939935,10.4515005471517,3.9159766594278,7.05579693667398
"74A",0,0.00648130971689126,0.0308823146505008,0.106980718368541,0.487909849793475,0.497582657744501,0.184774428797254,0.367877425005771,0.470060647460656,0.310696105902775,0.121956058393072,0.00876898495095417,0.000480825964095531,0,0,11.3256183006634,8.70432538076254,10.3436665068415,3.83350091769254,7.00502764153706
"75A",0,0,0,0.00111810653443729,0.0342029890156296,0.119091491624675,0.341497219717335,0.585667470581836,0.598557392648693,0.379982316431273,0.149152643662449,0.0107244962235131,0.00058805166903023,0,0,11.2492059826097,8.70791492329701,10.2527477006101,3.79425309968556,6.92102699880227
"76A",0,0.00755118777419424,0.0359800976984532,0.123575018469749,0.542315881148351,0.584902897354836,0.25917466572408,0.327368598973169,0.295992216109201,0.252270837463433,0.143376824915256,0.0317456418682397,0.0011569720081483,0,0,11.5205463521016,8.66921933028948,10.3046641118677,3.922345187928,6.87270838889814
"77A",0,0,0.00856769130582156,0.048214543671383,0.249152828752382,0.644461260253889,0.295131211455269,0.330946345211507,0.376937761702517,0.371768799472196,0.203853592640377,0.0413981260852508,0.00154288137430711,0,0,11.5865630884321,8.61824564066752,10.313430386742,3.88103248156215,6.9578399002185
"78A",0,0,0.00874634057101162,0.0492198895097086,0.26271920495216,0.630085088130597,0.214896507744403,0.312216194093924,0.439030881364329,0.386990649188106,0.208601210991478,0.0422613393525578,0.00157505277427434,0,0,11.5555346614931,8.62050761525513,10.4251302556953,4.05759381751709,6.85463045573754
"79A",0,0,0,0.000225804183588987,0.0151102405409508,0.124824280388572,0.374998880140389,0.549554097040571,0.53536916548497,0.442412228765649,0.238475340093024,0.0483136566033627,0.00180061872231834,0,0,11.6701286240958,8.79090462740531,10.4117692262776,4.00518914296108,6.91061219411099
"80A",0,0,0.00971783612053409,0.0546869649361048,0.291900613601055,0.738007743128338,0.381083483390624,0.409623110843454,0.21873031934652,0.0744392134336568,0.0255394243493371,0.00117056582717651,8.1366161535875E-05,0,0,9.75641923347851,8.14336530665955,10.5836848338677,3.64365789987496,7.40705153427098
"81A",0,0,0.0101461837291082,0.0568683542964003,0.299145329356102,0.763175939133655,0.379655850829121,0.380597979943861,0.17581020941599,0.0616951390294681,0.0313368546713843,0.00682900890134437,0.000248883679058814,0,0,9.85370539650542,8.07048933529148,10.3615262515622,3.62993268329295,7.20099249302358
"82A",0,0,0.0109172134542375,0.0614364414018381,0.317478130003192,0.799961035288655,0.327548541547546,0.301587407614077,0.18989607865387,0.131362060565609,0.0611690887549874,0.00866299687496383,0.000359205260375581,0,0,10.6314402649474,8.27030580644521,10.3380170804458,3.7706420050857,7.05398374650416
"83A",0,0,0.0114568017086227,0.06447296553967,0.344134991285363,0.80306580112522,0.230577600473646,0.282919699423117,0.270321924442812,0.147639500537251,0.0648433702852551,0.0090911694467561,0.000376959144205415,0,0,10.7115692711882,8.35081820944397,10.4482715677749,3.85585642426539,7.04939510919561
"84A",0,0,0,0.000354274563002368,0.0237071509456617,0.165333919702757,0.518635772496089,0.689619125829129,0.422654081036171,0.202162310964759,0.0887898261637863,0.0124485101753965,0.000516168989020907,0,0,10.8274673145746,8.60572957166374,10.498964928013,3.89493222654493,7.13843770146091
"85A",0,0,0.0103717738910491,0.058132764797684,0.305796524041224,0.776782651266746,0.380415001667046,0.37004128848925,0.133735799591831,0.00885813001555264,0.00058932052230412,0,0,0,0,8.73129007811459,7.86052322045323,11.1251322723312,3.0645997238427,8.03205526221806
"86A",0,0,0.0117455992760194,0.0658329199318496,0.335059978853866,0.844524513772484,0.316302795040492,0.241928534608988,0.0816971426199733,0.0594494821507862,0.0349748936088519,0.00569377734843521,0.000153057183731127,0,0,10.2999657322366,8.06883519596872,9.72236179926998,3.22305794758922,6.75047111826073
"87A",0,0,0.0124565444522686,0.0698176971887666,0.367262922917752,0.856029489707768,0.21241342002694,0.220068621739057,0.163881406140209,0.0736865303212743,0.0377996528786886,0.00603841396044454,0.000162321527244539,0,0,10.4658205977628,8.19475586965929,10.2082098459076,3.64878001099054,7.07196479862674
"88A",0,0,0,0.000381833601154836,0.0255513315491488,0.172714937991831,0.546457059472661,0.712259929217126,0.380570053371987,0.129517185884666,0.0444361811236559,0.00203667374808813,0.000141569419963792,0,0,10.2969351836048,8.52355160048735,10.7501953708734,3.91601562430707,7.32551858660419
"89A",0,0,0.0118260222774017,0.0662836828845315,0.337354159721888,0.850307036617201,0.316054350047988,0.231458031328061,0.0524611009010377,0.0294781387516128,0.0343290398368379,0.0190402133144185,0.00337905911991135,4.48968929029041E-05,0,10.2532989964535,7.86570605411559,9.55916073682324,3.32710668115415,6.46234432367454
"90A",0,0,0.0125779885837355,0.0704983795103045,0.370843524814582,0.864375284023839,0.21191662617759,0.209316053272239,0.133789163060686,0.0420949002999337,0.0372265538914444,0.0202508992527673,0.00359391907414455,4.77516947906508E-05,0,10.7420278918182,8.16877832463092,9.79265286477193,3.47561024066649,6.64360937834306
"91A",0,0,0,0,0.0181689961549094,0.180138368248459,0.579426041194712,0.711590313117603,0.32893706105627,0.115430257328193,0.0586305705032345,0.0127769264674514,0.000465655926390317,0,0,10.4921775130476,8.47137959287669,10.5420403725129,3.84819710498279,7.20968102693647
"92A",0,0,0,0.000527577597648855,0.012944401056428,0.176299985350517,0.53982976759824,0.644754475380964,0.406360599652153,0.281103043735208,0.130896371124965,0.0185380373826023,0.000768667083802649,0,0,11.0703642251864,8.58152981717431,10.3685274317569,3.88007915000714,6.99911238294036
"93A",0,0,0,0,0.0350272691460258,0.109518657014924,0.371706723317543,0.654913080372267,0.521346583568003,0.307713534222734,0.217290238603328,0.0766630831520795,0.0109338201490161,0.000138939067331587,0,11.811369420066,8.73520466277423,10.101682711545,3.87075045108772,6.67577378787834
"94A",0,0,0.0138242852909492,0.0774837490439684,0.394357463455455,0.908652513790752,0.0953271787952023,0.00388467626447906,0.0150590396651495,0.034459109782602,0.0401296758400051,0.0222574704059227,0.00395002446240122,5.24831969370607E-05,0,10.7905005093436,7.64680751339946,9.84808730386298,3.69825199431585,6.52643761049432
"95A",0,0,0,0,0,0.200719232121773,0.651451710687415,0.668919712288519,0.226177652285972,0.164585245839361,0.0968276132030572,0.0157631607668158,0.000423737151283742,0,0,10.8659510579454,8.46304389270363,10.3104298254601,3.85606495321877,6.95983545369814
"96A",0,0,0.013779945321157,0.0772352279074548,0.393092602549526,0.905738104534495,0.0978344994879297,0.0180028750159759,0.0497290378381185,0.0697461742187551,0.0410325697495272,0.00667994358469801,0.000179566795466225,0,0,10.7147036538094,7.90735844406942,10.1691727887342,3.72993914838137,6.88178209731306
"97A",0,0,0,0,0,0.21167744366405,0.680016909328841,0.670273562608964,0.152125601016816,0.0854800890073868,0.0995466303187299,0.0552124115620112,0.00979852482427986,0.000130191069179542,0,11.2766278605273,8.61211117310882,9.93843737218977,3.80574994019024,6.49127060789582
"98A",0.506337671181358,0.5013173105947,0.475409862337878,0.344382240690026,0.266729856619101,0.271643417783619,0.0517174114291825,0.00886477715354257,0.00110189555051042,0,0,0,0,0,0,5.96513597206047,5.29572400669544,4.40566304097814,3.15707829045865,1.71575403135765
"99A",0.575467859190639,0.572113498962658,0.489372473904893,0.288842723285214,0.116566317851056,0.039451401732873,0.03934506630734,0.0410074546452124,0.0152741563965338,0.000530556159557211,6.20799423185805E-05,0,0,0,0,7.24161219386703,6.28589008122685,5.60341712210548,3.27504441566157,2.57720730551432
"100A",0.57650456492455,0.57314416181437,0.490254078744525,0.287131760427439,0.114567129063476,0.0346420624463643,0.0239193731552813,0.0330366219852716,0.0190362770036819,0.0017028781098092,0.000113290391463102,0,0,0,0,6.71198245821395,5.89086213813005,5.07588493560875,3.2549252069705,2.13545160336021
"101A",0.538259299463295,0.53292243450888,0.50246699936722,0.349757068540231,0.200400384185187,0.0971911801276216,0.0354743835898603,0.0130779408194697,0.011689832405541,0.0147524060060908,0.00867902985645757,0.00141291247818361,3.79811839373704E-05,0,0,8.29044230816339,6.19160214595392,5.49193151110799,3.25940329922165,2.50642349325025
"102A",0.538308590184002,0.532971236509894,0.502513012432958,0.349789097300343,0.200418735710885,0.0972846643120082,0.0352471483353294,0.0113218053522423,0.00669070773790104,0.0106547177684565,0.0104739189064362,0.00475669588890887,0.000800822013542116,5.57270711404862E-05,1.09970543577764E-05,9.73946946064006,6.74165622298237,7.34305724988027,2.65294144058115,4.22625159044748
"103A",0.550734615913623,0.565220084707935,0.502396821203215,0.316943943906161,0.14604870983579,0.0527509184483529,0.0152807634689634,0.00384779930546876,0.000639178794143858,9.08682994621908E-05,1.79765201521697E-06,0,0,0,0,4.59338737383283,3.9875057939933,4.06538587609374,3.10865283987748,1.42581959520966
"104A",0.577282841910615,0.573917902280581,0.490915918199103,0.287519386223843,0.112810885121746,0.0290936130118377,0.00493985155677829,0.0024355713302919,0.00412599922833438,0.00621385040867231,0.00547252301639784,0.0027730311107441,0.000763103472905259,3.22569137444242E-05,6.07086575831221E-06,9.41324039881333,6.41189106199519,7.66621573883065,2.04545118433691,4.64305211875932
"105A",0.296178291162727,0.40499449783943,0.468243540813453,0.43424090539745,0.401321064798896,0.411387385746728,0.0982257033046628,0.0218624512229568,0.00399287102722117,0.000567643050019239,1.12297102381186E-05,0,0,0,0,7.19908568815268,6.0676644962179,6.43995118838898,3.18597504122262,2.76380009010329
"106A",0.332041178334477,0.454033446386862,0.520877359209188,0.464044700389567,0.33399322437486,0.219184175633793,0.162679190441859,0.102794546730814,0.0180764599842636,0.000636376374722916,1.25894649644359E-05,0,0,0,0,7.93584018607135,6.74477232027083,8.88821483633372,2.6588529540858,6.03034914608892
"107A",0.334572909479728,0.457495338140677,0.524848919121669,0.467582925457488,0.340458852982363,0.207834025527179,0.123476193614113,0.0915790706462186,0.0436039974062161,0.00413831437417649,0.00024534228358066,0,0,0,0,8.37800928194786,6.94339587320195,9.65318278481686,2.62676711336417,6.88444552530149
"108A",0.338712633238065,0.46315600063596,0.531342958174036,0.473368403273127,0.340703900278667,0.198000518844109,0.0845936023188668,0.0301993510035757,0.0195259061474451,0.021630385354739,0.0123563651305562,0.0020094777362288,5.40177432758426E-05,0,0,9.31812993510807,6.87835736379758,9.7385914995574,3.02419931499299,6.90139517633989
"109A",0.338794823909118,0.463268388243503,0.531471891759636,0.473483268981998,0.340786574142723,0.198168880375562,0.0842862804105576,0.0277069805960976,0.0124181734297066,0.0158050023838748,0.0149113524962228,0.00676610803089933,0.00113912017578891,7.92683392817518E-05,1.56426350441873E-05,9.40771473139643,6.96984705928912,9.90037664941687,3.21711291184979,6.99774259015048
"110A",0.44704251342601,0.520989353393407,0.52749478430512,0.407146456823601,0.25359230257175,0.131933611639328,0.0524237078689672,0.0152486255276841,0.00276513044019068,0.000393102373222219,7.77676348728775E-06,0,0,0,0,6.42131327698434,5.42921550352943,5.2998638487154,3.45258512158959,2.20394999978624
"111A",0.338725953646556,0.463174214976135,0.531363854073856,0.473387019232143,0.340717298996875,0.198796398277779,0.0855342717913606,0.0290856284564808,0.0131333686272149,0.0135511371002878,0.0113755581467252,0.00575770311606737,0.00158444787251213,6.69757119065105E-05,1.26050669097908E-05,9.91234652900278,7.10475196078679,9.64955594432245,3.31449730166913,6.48777549070881
"112A",0,0,0.0134473433834867,0.0753710270082691,0.383604657695992,0.891545983747773,0.110085263178196,0.0411465627474518,0.0833693547562651,0.125556179352969,0.110577023289963,0.0560314730148682,0.0154191604572982,0.000651778620517766,0.000122667051803282,12.4076056963298,8.55117134015829,10.0713436220939,3.98570564142498,6.54313612030731
"113A",0,0,0,0.0307593636216717,0.0567612642695175,0.165207188221593,0.522659632527053,0.643960257148208,0.381343031707623,0.26396033167075,0.226873633288969,0.114526741868345,0.0315163267089371,0.00133221701681011,0.000250727975220237,12.2264159762931,8.8544303734873,10.1059925864069,4.02263815528279,6.53155057908588
"114A",0,0,0,0,0.0309677977533301,0.11527935274048,0.363786298012707,0.627504294235268,0.509509807118929,0.329734933048949,0.267898219556057,0.13481753207509,0.0371000983495676,0.00156824692176475,0.000295149641821075,12.3784785375368,8.88056373637279,10.082505975114,3.98823876891387,6.54212564694488
"115A",0,0,0,0,0,0.0262202323063513,0.0687268991445601,0.198313041144649,0.450936061933529,0.661948509773444,0.514940175988801,0.213847919236376,0.0533144468939099,0.00222831478001728,0.000419376757613281,12.6858760167334,8.87035303127568,10.2530679828545,4.20072265996762,6.49716842710821
"116A",0,0,0,0,0,0.0290486839264539,0.0686219839981327,0.179848905932818,0.392253017165476,0.629693460264743,0.57269878205316,0.281041737451852,0.0688898440501334,0.00327575556170969,0.000624972466412179,12.9075731728718,8.94490630046886,10.0582014397872,4.12448429601386,6.33887690039603
"117A",0.574944942490093,0.571593630305464,0.488927790443766,0.286354980567481,0.11235401981447,0.031999987980982,0.0117642145962,0.0185109579191118,0.0369836065641211,0.0556981681393605,0.0490532418817876,0.0248562071668706,0.00684011727773289,0.000289136507516548,5.4416517862426E-05,12.2460606924127,8.4351794870487,10.0987523926631,3.98813390752068,6.47937043905136
"118A",0.331924962021169,0.453874532081346,0.520695049151512,0.463882282087837,0.333876324834263,0.200983088148259,0.097799302420497,0.0613622949678925,0.0800288100382156,0.114422268514503,0.100223741048384,0.0507788916320121,0.0139737157670295,0.000590678669656813,0.00011116782399571,12.3353596267041,8.55149219742981,10.0620185898862,3.98512665341715,6.49490416133671
"119A",0.57731531535456,0.573950186439188,0.490943533311478,0.287535559828866,0.112817230984966,0.0287349788245385,0.00416429883687078,0.000867499157392563,0.00126018100607924,0.00243274085122211,0.00239145991004193,0.00108607366776504,0.000182847867887174,1.27238961583552E-05,2.51090493062853E-06,6.97556344898733,5.38480541217925,4.59957503912471,3.19253349223772,1.86592856094251
"120A",0.338893503427778,0.463403322718106,0.531626691617129,0.473621178707234,0.340885833791127,0.198369077269916,0.0843869184004459,0.0263041372825662,0.0074257736680687,0.00495228621478364,0.00380229452647675,0.00192018371557197,0.000528410538306546,2.23362804141178E-05,4.20376732282911E-06,8.93482575270263,6.51943534870846,7.91054700400608,2.80785414758346,4.80698190296481
"121A",0,0,0,0,0,0.0349490848577837,0.0790967787031303,0.191090468746992,0.402162035686468,0.623070897577915,0.563190068029906,0.288220452460152,0.0761010164028698,0.00304768006296676,0.000558989474920039,12.8201179950977,8.91816957358419,10.2059880438562,4.1871054043156,6.46499339296978
"122A",0.557369761522969,0.554120893787832,0.473982021272045,0.277601550052006,0.108919530553513,0.0376182444892514,0.0263336810143336,0.0530305915575765,0.107559224096968,0.161986682891657,0.142661279588792,0.072289173643107,0.0198930762971872,0.000840894150024771,0.000158259266283119,12.6505586605069,8.72219829791413,9.9482397518352,3.98144234596424,6.36794863302756
"123A",0.293281235906276,0.401033061522835,0.460074128247383,0.40987567845852,0.295005415052192,0.189866486180992,0.114210891550387,0.119546863933031,0.204227198805138,0.302178445735136,0.265643913809563,0.134601170141922,0.0370405582521034,0.00156573012049673,0.000294675970881581,12.8091173128213,8.86998580886874,10.1174163096087,4.09981543632869,6.4747566176305
"124A",0.577293447663037,0.573928446212844,0.490924937231561,0.287524668486202,0.11281295766614,0.0288569168628496,0.00455588751350599,0.00213226403601797,0.00424925894790502,0.0061198299288403,0.00428170017633318,0.00140285426508733,0.000295925653768135,1.20965648863234E-05,2.27661648424988E-06,8.35754151995165,6.08380593045451,5.31135918728312,3.26215092326728,2.35721230270468
"125A",0.577118597449488,0.573754615188452,0.490776246248736,0.287437583226723,0.113495175857357,0.0310880810023705,0.0118511522613619,0.0134191629596107,0.00869301667057281,0.00296879037206937,0.00209414140092811,0.00103959080527563,0.000286082385023562,1.20929010876745E-05,2.27592694432863E-06,7.40401939674921,5.68954267941279,4.42558024646473,3.19115439202922,1.69754647729292
"126A",0.338801012185179,0.46327685009851,0.531481599389602,0.473491917417487,0.340792798799211,0.198347782605406,0.0847556422520972,0.0284620893125476,0.0133921002080927,0.0133586464453027,0.0089048369766031,0.00291336788667407,0.000614561553532038,2.51214574143166E-05,4.72794752851504E-06,9.0723701901057,6.71091483133896,8.58288655693128,2.54866521058557,5.68921393360079
"127A",0.337503381281792,0.461502468275875,0.529445988741626,0.471678411192751,0.340970041577302,0.202223390458739,0.0995308140372987,0.0517117009585934,0.0225394533408691,0.00679050669641732,0.00434644585964997,0.00215134563336095,0.000592023406400508,2.5025240525032E-05,4.70983916814438E-06,8.90766242127789,6.88524821799964,7.81927955784552,2.59489718036528,4.93635719465119
"128A",0.577037219651302,0.573673711735524,0.490707043331869,0.287397052497438,0.112762886354994,0.0298400354127343,0.00665506872375233,0.0064704815291345,0.0123727310954972,0.0186336196202306,0.0164105837031733,0.00831555372503917,0.00228833636309435,9.67295672257126E-05,1.82048481804445E-05,11.2216128099221,7.689320763013,9.79957632249447,3.6023641904034,6.55984308688771
"129A",0.33784235141034,0.461965976375861,0.529977735636075,0.472152139459022,0.339828502127105,0.199849890844089,0.0888690646525516,0.0373713743418711,0.0301882123807555,0.0392523732807856,0.0340120325873869,0.0172280506277758,0.00474094402132965,0.000200402996176851,3.77165558054517E-05,11.1337390280694,7.87958793369318,9.81488058683058,3.68059594034903,6.56436366257134
"130A",0.522298442605879,0.517119830258878,0.487567481866134,0.339385817153759,0.202578748865238,0.121313215675349,0.121940737925664,0.156463262701466,0.0996784943779167,0.0336534658572058,0.0237386636656232,0.0117845416099291,0.00324295843428903,0.000137082105121806,2.57993391635361E-05,10.0436827343828,7.87340997862292,9.72061022970391,3.48785532953641,6.5470155707853
"131A",0,0,0.00565120692238599,0.0316744547550947,0.182843930103618,0.508858371660784,0.490375782792006,0.603915500162916,0.300588999910305,0.0905987219113407,0.0513441622094726,0.014577534350438,0.00176200604866636,2.14545200419037E-05,0,10.4544190744866,8.46108763489216,10.3762819842875,3.75668930610919,7.09900436651979
